Function, File, Line, DependsOnEnt,DependsOnType,DependsOnFile
$.button.btnClickFunc(),E:\WF\core\common.js,646,$.userContext.setData,Javascript Call,E:\WF\core\userContext.js
$.button.btnClickFunc(),E:\WF\core\common.js,647,$.userContext.setData,Javascript Call,E:\WF\core\userContext.js
$.button.btnClickFunc(),E:\WF\core\common.js,648,$.userContext.setData,Javascript Call,E:\WF\core\userContext.js
$.button.btnClickFunc(),E:\WF\core\common.js,983,$.userContext.parser,Javascript Call,E:\WF\core\userContext.js
$.button.btnClickFunc.doBtnClick(),E:\WF\core\common.js,926,$.page.btn.generateCmd,Javascript Call,E:\WF\core\page.js
$.button.btnClickFunc.doBtnClick(),E:\WF\core\common.js,927,String.prototype.replaceAll,Javascript Call,E:\WF\core\printHtml.js
$.button.btnClickFunc.doBtnClick.(unnamed_function_12)(),E:\WF\core\common.js,955,$.page.handleMsg,Javascript Call,E:\WF\core\page.js
$.button.btnClickFunc.doBtnClick.(unnamed_function_12).continueBtnProc(),E:\WF\core\common.js,935,$.page.btn.generateCmd,Javascript Call,E:\WF\core\page.js
$.button.btnClickFunc.doBtnClick.(unnamed_function_12).continueBtnProc(),E:\WF\core\common.js,936,String.prototype.replaceAll,Javascript Call,E:\WF\core\printHtml.js
$.button.btnClickFunc.doBtnClick.(unnamed_function_12).continueBtnProc.(unnamed_function_13)(),E:\WF\core\common.js,939,$.page.handleMsg,Javascript Call,E:\WF\core\page.js
$.button.btnClickFunc.doBtnClick.executeActs(),E:\WF\core\common.js,670,$.page.act.routeActs,Javascript Call,E:\WF\core\page.js
$.button.btnClickFunc.doBtnClick.executeActs(),E:\WF\core\common.js,671,$.page.act.jump,Javascript Call,E:\WF\core\page.js
$.button.btnClickFunc.doBtnClick.executeActs(),E:\WF\core\common.js,674,$.page.act.routeAffects,Javascript Call,E:\WF\core\page.js
$.button.btnClickFunc.doBtnClick.executeActs(),E:\WF\core\common.js,675,$.page.act.affectsWins,Javascript Call,E:\WF\core\page.js
$.button.btnClickFunc.doBtnClick.workFlowEnable(),E:\WF\core\common.js,876,$.page.btn.generateCmd,Javascript Call,E:\WF\core\page.js
$.button.btnClickFunc.doBtnClick.workFlowEnable.(unnamed_function_9)(),E:\WF\core\common.js,887,$.page.handleMsg,Javascript Call,E:\WF\core\page.js
$.button.btnClickFunc.doBtnClick.workFlowEnable.(unnamed_function_9).(unnamed_function_10)(),E:\WF\core\common.js,881,$.page.handleMsg,Javascript Call,E:\WF\core\page.js
$.button.btnClickFunc.doBtnClick.workFlowEnable.success(),E:\WF\core\common.js,687,$.userContext.setData,Javascript Call,E:\WF\core\userContext.js
$.button.btnClickFunc.doBtnClick.workFlowEnable.success(),E:\WF\core\common.js,694,$.page.btn.generateCmd,Javascript Call,E:\WF\core\page.js
$.button.btnClickFunc.doBtnClick.workFlowEnable.success.(unnamed_function_8).error(),E:\WF\core\common.js,729,$.page.handleMsg,Javascript Call,E:\WF\core\page.js
$.button.btnClickFunc.doBtnClick.workFlowEnable.success.(unnamed_function_8).success.error(),E:\WF\core\common.js,721,$.page.handleMsg,Javascript Call,E:\WF\core\page.js
$.button.btnClickFunc.doBtnClick.workFlowEnable.success.(unnamed_function_8).success.success(),E:\WF\core\common.js,715,$.page.handleMsg,Javascript Call,E:\WF\core\page.js
$.button.btnClickFunc.doBtnClick.workFlowEnable.updateWF(),E:\WF\core\common.js,747,$.userContext.parser,Javascript Call,E:\WF\core\userContext.js
$.button.btnClickFunc.doBtnClick.workFlowEnable.updateWF(),E:\WF\core\common.js,748,$.userContext.parser,Javascript Call,E:\WF\core\userContext.js
$.button.btnClickFunc.doBtnClick.workFlowEnable.updateWF.success.success(),E:\WF\core\common.js,779,$.userContext.parser1,Javascript Call,E:\WF\core\userContext.js
$.button.btnClickFunc.doBtnClick.workFlowEnable.updateWF.success.success(),E:\WF\core\common.js,779,condTester,Javascript Use,E:\WF\core\condTester.js
$.button.btnClickFunc.doBtnClick.workFlowEnable.updateWF.success.success(),E:\WF\core\common.js,779,condTester.ifCondition2,Javascript Call,E:\WF\core\condTester.js
$.button.btnClickFunc.doBtnClick.workFlowEnable.updateWF.success.success.success.success(),E:\WF\core\common.js,813,$.userContext.parser,Javascript Call,E:\WF\core\userContext.js
$.button.clickWinBtn(),E:\WF\core\common.js,631,$.page.idFunc.funcno2winno,Javascript Call,E:\WF\core\page.js
$.button.clickWinBtn(),E:\WF\core\common.js,632,$.page.idFunc.getWinDivID,Javascript Call,E:\WF\core\page.js
$.changePass(),E:\WF\core\common.js,475,(unnamed_function_186).pseudos.empty,Javascript Call,E:\WF\core\ext-all.js
$.closeWinDialog(),E:\WF\core\common.js,107,$.page.idFunc.getDialogOuterid,Javascript Call,E:\WF\core\page.js
$.container.createSubFuncs.page(),E:\WF\core\container.js,119,_cutStr,Javascript Call,E:\WF\core\common.js
$.container.sizeFuncs.gettdLeftTop(),E:\WF\core\container.js,231,$.page.idFunc.funcno2winno,Javascript Call,E:\WF\core\page.js
$.container.sizeFuncs.gettdLeftTop(),E:\WF\core\container.js,233,$.page.idFunc.getTitleid,Javascript Call,E:\WF\core\page.js
$.container.sizeFuncs.gettdLeftTop(),E:\WF\core\container.js,235,$.getElementHeight,Javascript Call,E:\WF\core\common.js
$.customWin.callFunc(),E:\WF\core\customWin.js,105,$.userContext.parser1,Javascript Call,E:\WF\core\userContext.js
$.customWin.callFunc(),E:\WF\core\customWin.js,106,caculator,Javascript Use,E:\WF\core\condTester.js
$.customWin.callFunc(),E:\WF\core\customWin.js,106,caculator.caculate,Javascript Call,E:\WF\core\condTester.js
$.D3.createNew(),E:\WF\core\obj3d.js,68,(unnamed_function_186).pseudos.empty,Javascript Call,E:\WF\core\ext-all.js
$.D3.resizeWin(),E:\WF\core\obj3d.js,83,funcno,Javascript Use,E:\WF\core\drilltable.js
$.D3.runInstance.error(),E:\WF\core\obj3d.js,41,(unnamed_function_186).pseudos.empty,Javascript Call,E:\WF\core\ext-all.js
$.D3.runInstance.success(),E:\WF\core\obj3d.js,26,$.appendScript,Javascript Call,E:\WF\core\common.js
$.dialogDrillGrid.genMatchExtSql(),E:\WF\core\dialogDrillGrid.js,155,$.userContext.parser,Javascript Call,E:\WF\core\userContext.js
$.dialogDrillGrid.parseC_Param(),E:\WF\core\dialogDrillGrid.js,71,$.userContext.parser,Javascript Call,E:\WF\core\userContext.js
$.drillChart.createLeftViewList(),E:\WF\core\drillChart.js,319,$.addHint,Javascript Call,E:\WF\core\common.js
$.drillChart.createLeftViewList.(unnamed_function_8)(),E:\WF\core\drillChart.js,357,$.addHint,Javascript Call,E:\WF\core\common.js
$.drillChart.createNew(),E:\WF\core\drillChart.js,31,(unnamed_function_186).pseudos.empty,Javascript Call,E:\WF\core\ext-all.js
$.drillChart.loadViews.(unnamed_function_4)(),E:\WF\core\drillChart.js,123,$.userContext.parser,Javascript Call,E:\WF\core\userContext.js
$.drillChart.loadViews.(unnamed_function_7)(),E:\WF\core\drillChart.js,217,removeClass,Javascript Call,E:\WF\core\ext-all-dev.js
$.drillChart.loadViews.(unnamed_function_7)(),E:\WF\core\drillChart.js,250,removeClass,Javascript Call,E:\WF\core\ext-all-dev.js
$.drillChart.showOneView(),E:\WF\core\drillChart.js,642,$.userContext.parser,Javascript Call,E:\WF\core\userContext.js
$.drillChart.showOneView(),E:\WF\core\drillChart.js,581,$.drilltable.idFuncs.getViewCID,Javascript Call,E:\WF\core\drilltable.js
$.drillChart.showOneView(),E:\WF\core\drillChart.js,582,$.drilltable.idFuncs.getViewTID,Javascript Call,E:\WF\core\drilltable.js
$.drillChart.showOneView(),E:\WF\core\drillChart.js,593,$.drilltable.idFuncs.getDToolID,Javascript Call,E:\WF\core\drilltable.js
$.drillChart.showView(),E:\WF\core\drillChart.js,662,(unnamed_function_186).pseudos.empty,Javascript Call,E:\WF\core\ext-all.js
$.drillChart.showViewGrp(),E:\WF\core\drillChart.js,537,$.page.idFunc.getWinDivID,Javascript Call,E:\WF\core\page.js
$.drilltable.addToggleState.(unnamed_function_18)(),E:\WF\core\drilltable.js,809,removeClass,Javascript Call,E:\WF\core\ext-all-dev.js
$.drilltable.addToggleState.(unnamed_function_20)(),E:\WF\core\drilltable.js,811,removeClass,Javascript Call,E:\WF\core\ext-all-dev.js
$.drilltable.addToggleState.(unnamed_function_21)(),E:\WF\core\drilltable.js,815,removeClass,Javascript Call,E:\WF\core\ext-all-dev.js
$.drilltable.addToggleState.(unnamed_function_21)(),E:\WF\core\drilltable.js,819,removeClass,Javascript Call,E:\WF\core\ext-all-dev.js
$.drilltable.addToggleState.(unnamed_function_21)(),E:\WF\core\drilltable.js,821,removeClass,Javascript Call,E:\WF\core\ext-all-dev.js
$.drilltable.clickTr(),E:\WF\core\drilltable.js,2728,removeClass,Javascript Call,E:\WF\core\ext-all-dev.js
$.drilltable.collapse(),E:\WF\core\drilltable.js,2460,removeClass,Javascript Call,E:\WF\core\ext-all-dev.js
$.drilltable.doCalcFields(),E:\WF\core\drilltable.js,1578,$.formatNumberToShow,Javascript Call,E:\WF\core\common.js
$.drilltable.expand(),E:\WF\core\drilltable.js,2468,removeClass,Javascript Call,E:\WF\core\ext-all-dev.js
$.drilltable.generateStatisticCmdData(),E:\WF\core\drilltable.js,2426,$.userContext.parser,Javascript Call,E:\WF\core\userContext.js
$.drilltable.generateStatisticCmdData.dealPersonalFilter(),E:\WF\core\drilltable.js,2395,$.userContext.parser,Javascript Call,E:\WF\core\userContext.js
$.drilltable.genTRData(),E:\WF\core\drilltable.js,1642,$.formatNumberToShow,Javascript Call,E:\WF\core\common.js
$.drilltable.genTRData.(unnamed_function_42)(),E:\WF\core\drilltable.js,1681,$.dialogDrillGrid.dialogGrid,Javascript Call,E:\WF\core\dialogDrillGrid.js
$.drilltable.genTRData.(unnamed_function_44)(),E:\WF\core\drilltable.js,1697,removeClass,Javascript Call,E:\WF\core\ext-all-dev.js
$.drilltable.getRoleTplDrillOps.success(),E:\WF\core\drilltable.js,3083,$.userContext.setData,Javascript Call,E:\WF\core\userContext.js
$.drilltable.getRoleTplDrillOps.success(),E:\WF\core\drilltable.js,3084,$.userContext.setData,Javascript Call,E:\WF\core\userContext.js
$.drilltable.getRoleTplDrillOps.success(),E:\WF\core\drilltable.js,3085,$.userContext.setData,Javascript Call,E:\WF\core\userContext.js
$.drilltable.idFuncs.getBlockScreenID(),E:\WF\core\drilltable.js,3153,$.drillChart.getRegionScreenID,Javascript Call,E:\WF\core\drillChart.js
$.drilltable.initAutoExpand(),E:\WF\core\drilltable.js,775,(unnamed_function_186).pseudos.empty,Javascript Call,E:\WF\core\ext-all.js
$.drilltable.initReselect(),E:\WF\core\drilltable.js,347,$.userContext.parser,Javascript Call,E:\WF\core\userContext.js
$.drilltable.initToolbar(),E:\WF\core\drilltable.js,440,(unnamed_function_186).pseudos.empty,Javascript Call,E:\WF\core\ext-all.js
$.drilltable.initToolbar(),E:\WF\core\drilltable.js,507,$.addHint,Javascript Call,E:\WF\core\common.js
$.drilltable.initToolbar(),E:\WF\core\drilltable.js,508,$.addHint,Javascript Call,E:\WF\core\common.js
$.drilltable.initToolbar(),E:\WF\core\drilltable.js,509,$.addHint,Javascript Call,E:\WF\core\common.js
$.drilltable.initToolbar(),E:\WF\core\drilltable.js,510,$.addHint,Javascript Call,E:\WF\core\common.js
$.drilltable.initToolbar(),E:\WF\core\drilltable.js,511,$.addHint,Javascript Call,E:\WF\core\common.js
$.drilltable.initToolbar.(unnamed_function_12)(),E:\WF\core\drilltable.js,651,$.drillChart.getRegionScreenID,Javascript Call,E:\WF\core\drillChart.js
$.drilltable.initToolbar.(unnamed_function_12)(),E:\WF\core\drilltable.js,652,$.drillChart.showOneView,Javascript Call,E:\WF\core\drillChart.js
$.drilltable.initToolbar.(unnamed_function_12)(),E:\WF\core\drilltable.js,651,(unnamed_function_186).pseudos.empty,Javascript Call,E:\WF\core\ext-all.js
$.drilltable.initToolbar.(unnamed_function_13)(),E:\WF\core\drilltable.js,664,$.dialogContent,Javascript Call,E:\WF\core\common.js
$.drilltable.initToolbar.(unnamed_function_3)(),E:\WF\core\drilltable.js,499,removeClass,Javascript Call,E:\WF\core\ext-all-dev.js
$.drilltable.initToolbar.(unnamed_function_9)(),E:\WF\core\drilltable.js,609,(unnamed_function_186).pseudos.empty,Javascript Call,E:\WF\core\ext-all.js
$.drilltable.initToolbar.(unnamed_function_9)(),E:\WF\core\drilltable.js,610,(unnamed_function_186).pseudos.empty,Javascript Call,E:\WF\core\ext-all.js
$.drilltable.recursionExpand(),E:\WF\core\drilltable.js,742,$.closeProcessBar,Javascript Call,E:\WF\core\common.js
$.drilltable.recursionExpand(),E:\WF\core\drilltable.js,769,$.showProcessBar,Javascript Call,E:\WF\core\common.js
$.drilltable.recursionExpand.(unnamed_function_15)(),E:\WF\core\drilltable.js,762,$.incProcessByOne,Javascript Call,E:\WF\core\common.js
$.drilltable.resetTable(),E:\WF\core\drilltable.js,1228,(unnamed_function_186).pseudos.empty,Javascript Call,E:\WF\core\ext-all.js
$.drilltable.resetTable(),E:\WF\core\drilltable.js,1236,(unnamed_function_186).pseudos.empty,Javascript Call,E:\WF\core\ext-all.js
$.drilltable.resetTable.(unnamed_function_32).loadInitData(),E:\WF\core\drilltable.js,1502,$.drillChart.getRegionNavID,Javascript Call,E:\WF\core\drillChart.js
$.drilltable.resetTable.(unnamed_function_32).loadInitData(),E:\WF\core\drilltable.js,1505,$.drillChart.getRegionScreenID,Javascript Call,E:\WF\core\drillChart.js
$.drilltable.resetTable.(unnamed_function_32).loadInitData(),E:\WF\core\drilltable.js,1279,removeClass,Javascript Call,E:\WF\core\ext-all-dev.js
$.drilltable.resetTable.(unnamed_function_32).loadInitData(),E:\WF\core\drilltable.js,1302,$.formatNumberToShow,Javascript Call,E:\WF\core\common.js
$.drilltable.saveDatatoContext(),E:\WF\core\drilltable.js,2776,$.userContext.setData,Javascript Call,E:\WF\core\userContext.js
$.drilltable.saveDatatoContext(),E:\WF\core\drilltable.js,2777,$.userContext.setData,Javascript Call,E:\WF\core\userContext.js
$.drilltable.setUC(),E:\WF\core\drilltable.js,2939,$.userContext.setData,Javascript Call,E:\WF\core\userContext.js
$.drilltable.setUC(),E:\WF\core\drilltable.js,2940,$.userContext.setData,Javascript Call,E:\WF\core\userContext.js
$.drilltable.sortGrid(),E:\WF\core\drilltable.js,2273,(unnamed_function_186).pseudos.empty,Javascript Call,E:\WF\core\ext-all.js
$.drilltable.toggleNode(),E:\WF\core\drilltable.js,2492,$.userContext.setData,Javascript Call,E:\WF\core\userContext.js
$.drilltable.toggleNode(),E:\WF\core\drilltable.js,2493,$.userContext.setData,Javascript Call,E:\WF\core\userContext.js
$.drilltable.toggleNode(),E:\WF\core\drilltable.js,2495,$.page.triggerBy,Javascript Call,E:\WF\core\page.js
$.drilltable.toggleNode.(unnamed_function_50)(),E:\WF\core\drilltable.js,2632,removeClass,Javascript Call,E:\WF\core\ext-all-dev.js
$.drilltable.toggleNode.(unnamed_function_50)(),E:\WF\core\drilltable.js,2633,removeClass,Javascript Call,E:\WF\core\ext-all-dev.js
$.drilltable.toggleNode.(unnamed_function_50)(),E:\WF\core\drilltable.js,2595,$.formatNumberToShow,Javascript Call,E:\WF\core\common.js
$.drilltable.toggleNode.(unnamed_function_50)(),E:\WF\core\drilltable.js,2595,$.formatNumberToShow,Javascript Call,E:\WF\core\common.js
$.drilltable.toggleNode.(unnamed_function_50).insOneTr(),E:\WF\core\drilltable.js,2547,removeClass,Javascript Call,E:\WF\core\ext-all-dev.js
$.drilltable.toggleNode.(unnamed_function_50).success(),E:\WF\core\drilltable.js,2617,$.addHint,Javascript Call,E:\WF\core\common.js
$.drilltable.toggleNode.(unnamed_function_50).success(),E:\WF\core\drilltable.js,2620,$.addHint,Javascript Call,E:\WF\core\common.js
$.drilltable.wrapCalItem.(unnamed_function_28)(),E:\WF\core\drilltable.js,914,removeClass,Javascript Call,E:\WF\core\ext-all-dev.js
$.drilltable.wrapCalItem.(unnamed_function_28)(),E:\WF\core\drilltable.js,918,removeClass,Javascript Call,E:\WF\core\ext-all-dev.js
$.drilltable.wrapCalItem.(unnamed_function_28)(),E:\WF\core\drilltable.js,920,removeClass,Javascript Call,E:\WF\core\ext-all-dev.js
$.drilltable.wrapSection.(unnamed_function_22)(),E:\WF\core\drilltable.js,859,removeClass,Javascript Call,E:\WF\core\ext-all-dev.js
$.drilltable.wrapSection.(unnamed_function_22)(),E:\WF\core\drilltable.js,863,removeClass,Javascript Call,E:\WF\core\ext-all-dev.js
$.drilltable.wrapSection.(unnamed_function_22)(),E:\WF\core\drilltable.js,865,removeClass,Javascript Call,E:\WF\core\ext-all-dev.js
$.drilltable.wrapSection.(unnamed_function_24)(),E:\WF\core\drilltable.js,876,removeClass,Javascript Call,E:\WF\core\ext-all-dev.js
$.drilltable.wrapSection.(unnamed_function_26)(),E:\WF\core\drilltable.js,878,removeClass,Javascript Call,E:\WF\core\ext-all-dev.js
$.drilltable.wrapSection.(unnamed_function_27)(),E:\WF\core\drilltable.js,882,removeClass,Javascript Call,E:\WF\core\ext-all-dev.js
$.drilltable.wrapSection.(unnamed_function_27)(),E:\WF\core\drilltable.js,886,removeClass,Javascript Call,E:\WF\core\ext-all-dev.js
$.drilltable.wrapSection.(unnamed_function_27)(),E:\WF\core\drilltable.js,888,removeClass,Javascript Call,E:\WF\core\ext-all-dev.js
$.driveform.addLineHint(),E:\WF\core\driveform.js,60,$.addHint,Javascript Call,E:\WF\core\common.js
$.driveform.createNew(),E:\WF\core\driveform.js,70,$.userContext.parser,Javascript Call,E:\WF\core\userContext.js
$.driveform.createNew(),E:\WF\core\driveform.js,68,String.prototype.replaceAll,Javascript Call,E:\WF\core\printHtml.js
$.driveform.createNew(),E:\WF\core\driveform.js,93,(unnamed_function_186).pseudos.empty,Javascript Call,E:\WF\core\ext-all.js
$.driveform.drawNew(),E:\WF\core\driveform.js,124,String.prototype.replaceAll,Javascript Call,E:\WF\core\printHtml.js
$.driveform.fetchVariable(),E:\WF\core\driveform.js,291,$.userContext.parser,Javascript Call,E:\WF\core\userContext.js
$.driveform.fetchVariableNew.success(),E:\WF\core\driveform.js,268,$.userContext.parser,Javascript Call,E:\WF\core\userContext.js
$.driveform.fetchVariableNew.success(),E:\WF\core\driveform.js,244,String.prototype.replaceAll,Javascript Call,E:\WF\core\printHtml.js
$.driveform.replaceVariable(),E:\WF\core\driveform.js,205,$.userContext.parser,Javascript Call,E:\WF\core\userContext.js
$.driveform.runInstance.error(),E:\WF\core\driveform.js,41,(unnamed_function_186).pseudos.empty,Javascript Call,E:\WF\core\ext-all.js
$.driveform.runInstance.success(),E:\WF\core\driveform.js,26,$.appendScript,Javascript Call,E:\WF\core\common.js
$.driveform.warpto(),E:\WF\core\driveform.js,321,$.page.openExternal,Javascript Call,E:\WF\core\page.js
$.editGrid.calcZGridOtherHeight(),E:\WF\core\editGrid.js,91,$.getElementHeight,Javascript Call,E:\WF\core\common.js
$.editGrid.calcZGridOtherHeight(),E:\WF\core\editGrid.js,92,$.getElementHeight,Javascript Call,E:\WF\core\common.js
$.editGrid.clear(),E:\WF\core\editGrid.js,97,$.userContext.setData,Javascript Call,E:\WF\core\userContext.js
$.editGrid.clear(),E:\WF\core\editGrid.js,98,$.userContext.setData,Javascript Call,E:\WF\core\userContext.js
$.editGrid.clear(),E:\WF\core\editGrid.js,99,$.userContext.setData,Javascript Call,E:\WF\core\userContext.js
$.editGrid.clear(),E:\WF\core\editGrid.js,100,$.userContext.setData,Javascript Call,E:\WF\core\userContext.js
$.editGrid.clear(),E:\WF\core\editGrid.js,101,$.userContext.setData,Javascript Call,E:\WF\core\userContext.js
$.editGrid.createNew(),E:\WF\core\editGrid.js,108,(unnamed_function_186).pseudos.empty,Javascript Call,E:\WF\core\ext-all.js
$.editGrid.getDataByStr(),E:\WF\core\editGrid.js,475,$.userContext.setData,Javascript Call,E:\WF\core\userContext.js
$.editGrid.getDataByStr(),E:\WF\core\editGrid.js,476,$.userContext.setData,Javascript Call,E:\WF\core\userContext.js
$.editGrid.getDataByStr(),E:\WF\core\editGrid.js,478,$.userContext.setData,Javascript Call,E:\WF\core\userContext.js
$.editGrid.getDataByXml(),E:\WF\core\editGrid.js,526,$.userContext.setData,Javascript Call,E:\WF\core\userContext.js
$.editGrid.getDataByXml(),E:\WF\core\editGrid.js,527,$.userContext.setData,Javascript Call,E:\WF\core\userContext.js
$.editGrid.getDataByXml(),E:\WF\core\editGrid.js,529,$.userContext.setData,Javascript Call,E:\WF\core\userContext.js
$.editGrid.idFuncs.getGridId(),E:\WF\core\editGrid.js,76,funcno,Javascript Use,E:\WF\core\drilltable.js
$.editGrid.loadData(),E:\WF\core\editGrid.js,386,$.userContext.parser,Javascript Call,E:\WF\core\userContext.js
$.editGrid.refresh(),E:\WF\core\editGrid.js,50,$.userContext.setData,Javascript Call,E:\WF\core\userContext.js
$.editGrid.refresh(),E:\WF\core\editGrid.js,51,$.userContext.setData,Javascript Call,E:\WF\core\userContext.js
$.editGrid.runInstance.success(),E:\WF\core\editGrid.js,32,$.appendScript,Javascript Call,E:\WF\core\common.js
$.editGrid.setToolbar(),E:\WF\core\editGrid.js,267,(unnamed_function_186).pseudos.empty,Javascript Call,E:\WF\core\ext-all.js
$.editGrid.setToolbar(),E:\WF\core\editGrid.js,276,$.button.createIcon,Javascript Call,E:\WF\core\common.js
$.editGrid.setToolbar(),E:\WF\core\editGrid.js,303,$.button.createIcon,Javascript Call,E:\WF\core\common.js
$.editGrid.setToolbar(),E:\WF\core\editGrid.js,314,$.button.createIcon,Javascript Call,E:\WF\core\common.js
$.editGrid.setToolbar.(unnamed_function_4)(),E:\WF\core\editGrid.js,319,(unnamed_function_186).pseudos.empty,Javascript Call,E:\WF\core\ext-all.js
$.editGrid.sqlDataComp(),E:\WF\core\editGrid.js,217,$.userContext.parser,Javascript Call,E:\WF\core\userContext.js
$.editGrid.sqlDataComp.success(),E:\WF\core\editGrid.js,228,$.userContext.setData,Javascript Call,E:\WF\core\userContext.js
$.edittable.adjustGridSize(),E:\WF\core\edittable.js,851,$.getCSSNum,Javascript Call,E:\WF\core\common.js
$.edittable.adjustGridSize(),E:\WF\core\edittable.js,852,$.getCSSNum,Javascript Call,E:\WF\core\common.js
$.edittable.adjustGridSize(),E:\WF\core\edittable.js,853,$.getCSSNum,Javascript Call,E:\WF\core\common.js
$.edittable.adjustGridSize(),E:\WF\core\edittable.js,854,$.getCSSNum,Javascript Call,E:\WF\core\common.js
$.edittable.adjustGridSize(),E:\WF\core\edittable.js,855,$.getElementHeight,Javascript Call,E:\WF\core\common.js
$.edittable.adjustGridSize(),E:\WF\core\edittable.js,855,$.getElementHeight,Javascript Call,E:\WF\core\common.js
$.edittable.adjustGridSize(),E:\WF\core\edittable.js,857,$.getElementHeight,Javascript Call,E:\WF\core\common.js
$.edittable.adjustGridSize(),E:\WF\core\edittable.js,857,$.getElementHeight,Javascript Call,E:\WF\core\common.js
$.edittable.adjustGridSize(),E:\WF\core\edittable.js,857,$.getElementHeight,Javascript Call,E:\WF\core\common.js
$.edittable.calcZGridOtherHeight(),E:\WF\core\edittable.js,106,$.getElementHeight,Javascript Call,E:\WF\core\common.js
$.edittable.calcZGridOtherHeight(),E:\WF\core\edittable.js,107,$.getElementHeight,Javascript Call,E:\WF\core\common.js
$.edittable.calcZGridOtherHeight(),E:\WF\core\edittable.js,108,$.getElementHeight,Javascript Call,E:\WF\core\common.js
$.edittable.clear(),E:\WF\core\edittable.js,77,$.userContext.setData,Javascript Call,E:\WF\core\userContext.js
$.edittable.clear(),E:\WF\core\edittable.js,78,$.userContext.setData,Javascript Call,E:\WF\core\userContext.js
$.edittable.clear(),E:\WF\core\edittable.js,79,$.userContext.setData,Javascript Call,E:\WF\core\userContext.js
$.edittable.clear(),E:\WF\core\edittable.js,80,$.userContext.setData,Javascript Call,E:\WF\core\userContext.js
$.edittable.clear(),E:\WF\core\edittable.js,81,$.userContext.setData,Javascript Call,E:\WF\core\userContext.js
$.edittable.createNew(),E:\WF\core\edittable.js,121,(unnamed_function_186).pseudos.empty,Javascript Call,E:\WF\core\ext-all.js
$.edittable.createNew(),E:\WF\core\edittable.js,134,$.getCSSNum,Javascript Call,E:\WF\core\common.js
$.edittable.createNew(),E:\WF\core\edittable.js,135,$.getCSSNum,Javascript Call,E:\WF\core\common.js
$.edittable.createNew(),E:\WF\core\edittable.js,136,$.getCSSNum,Javascript Call,E:\WF\core\common.js
$.edittable.fetchDataForSelect(),E:\WF\core\edittable.js,641,$.userContext.parser,Javascript Call,E:\WF\core\userContext.js
$.edittable.generateBody(),E:\WF\core\edittable.js,811,$.userContext.parser,Javascript Call,E:\WF\core\userContext.js
$.edittable.generateOperBar(),E:\WF\core\edittable.js,742,$.button.createIcon,Javascript Call,E:\WF\core\common.js
$.edittable.generateOperBar(),E:\WF\core\edittable.js,760,$.button.createIcon,Javascript Call,E:\WF\core\common.js
$.edittable.generateOperBar(),E:\WF\core\edittable.js,775,$.button.createIcon,Javascript Call,E:\WF\core\common.js
$.edittable.getDataByStr(),E:\WF\core\edittable.js,380,$.userContext.setData,Javascript Call,E:\WF\core\userContext.js
$.edittable.getDataByStr(),E:\WF\core\edittable.js,381,$.userContext.setData,Javascript Call,E:\WF\core\userContext.js
$.edittable.getDataByStr(),E:\WF\core\edittable.js,390,$.userContext.setData,Javascript Call,E:\WF\core\userContext.js
$.edittable.getDataByXml(),E:\WF\core\edittable.js,448,$.userContext.setData,Javascript Call,E:\WF\core\userContext.js
$.edittable.getDataByXml(),E:\WF\core\edittable.js,449,$.userContext.setData,Javascript Call,E:\WF\core\userContext.js
$.edittable.getDataByXml(),E:\WF\core\edittable.js,460,$.userContext.setData,Javascript Call,E:\WF\core\userContext.js
$.edittable.getSelTableData(),E:\WF\core\edittable.js,278,$.userContext.setData,Javascript Call,E:\WF\core\userContext.js
$.edittable.getTableData(),E:\WF\core\edittable.js,265,$.userContext.setData,Javascript Call,E:\WF\core\userContext.js
$.edittable.navToPage(),E:\WF\core\edittable.js,1058,$.userContext.parser,Javascript Call,E:\WF\core\userContext.js
$.edittable.refresh(),E:\WF\core\edittable.js,72,$.userContext.setData,Javascript Call,E:\WF\core\userContext.js
$.edittable.refresh(),E:\WF\core\edittable.js,73,$.userContext.setData,Javascript Call,E:\WF\core\userContext.js
$.edittable.runInstance(),E:\WF\core\edittable.js,54,$.appendScript,Javascript Call,E:\WF\core\common.js
$.edittable.runInstance.success(),E:\WF\core\edittable.js,39,$.appendScript,Javascript Call,E:\WF\core\common.js
$.edittable.setToolbar(),E:\WF\core\edittable.js,1262,$.button.createIcon,Javascript Call,E:\WF\core\common.js
$.edittable.setToolbar(),E:\WF\core\edittable.js,1276,$.button.createIcon,Javascript Call,E:\WF\core\common.js
$.edittable.setToolbar(),E:\WF\core\edittable.js,1295,$.button.createIcon,Javascript Call,E:\WF\core\common.js
$.edittable.sqlComplete(),E:\WF\core\edittable.js,156,$.userContext.parser,Javascript Call,E:\WF\core\userContext.js
$.edittable.sqlComplete(),E:\WF\core\edittable.js,233,$.userContext.setData,Javascript Call,E:\WF\core\userContext.js
$.form.appendSelectItembySql(),E:\WF\core\form.js,1718,$.userContext.setData,Javascript Call,E:\WF\core\userContext.js
$.form.appendSelectItembySql(),E:\WF\core\form.js,1723,$.userContext.parser,Javascript Call,E:\WF\core\userContext.js
$.form.bindCheckOptions.(unnamed_function_13)(),E:\WF\core\form.js,523,$.page.triggerBy,Javascript Call,E:\WF\core\page.js
$.form.bindInputData(),E:\WF\core\form.js,1617,$.userContext.parser,Javascript Call,E:\WF\core\userContext.js
$.form.bindInputData(),E:\WF\core\form.js,1645,$.userContext.parser,Javascript Call,E:\WF\core\userContext.js
$.form.bindInputData.success(),E:\WF\core\form.js,1667,$.page.triggerBy,Javascript Call,E:\WF\core\page.js
$.form.bindInputData.success(),E:\WF\core\form.js,1630,$.page.triggerBy,Javascript Call,E:\WF\core\page.js
$.form.bindRadioOptions.(unnamed_function_12)(),E:\WF\core\form.js,509,$.page.triggerBy,Javascript Call,E:\WF\core\page.js
$.form.checkSign(),E:\WF\core\form.js,1278,$.userContext.parser,Javascript Call,E:\WF\core\userContext.js
$.form.checkSign(),E:\WF\core\form.js,1280,$.userContext.parser,Javascript Call,E:\WF\core\userContext.js
$.form.checkSign(),E:\WF\core\form.js,1280,$.customWin.getDatasFromDB,Javascript Call,E:\WF\core\customWin.js
$.form.checkSign.(unnamed_function_34)(),E:\WF\core\form.js,1314,$.userContext.parser,Javascript Call,E:\WF\core\userContext.js
$.form.checkSign.(unnamed_function_34)(),E:\WF\core\form.js,1293,(unnamed_function_186).pseudos.empty,Javascript Call,E:\WF\core\ext-all.js
$.form.createNew(),E:\WF\core\form.js,279,(unnamed_function_186).pseudos.empty,Javascript Call,E:\WF\core\ext-all.js
$.form.doEqualVar(),E:\WF\core\form.js,1911,$.userContext.setData,Javascript Call,E:\WF\core\userContext.js
$.form.drawMultiVars(),E:\WF\core\form.js,125,$.button.createIcon,Javascript Call,E:\WF\core\common.js
$.form.drawMultiVars(),E:\WF\core\form.js,131,$.button.createIcon,Javascript Call,E:\WF\core\common.js
$.form.drawMultiVars.(unnamed_function_4).(unnamed_function_6)(),E:\WF\core\form.js,169,removeClass,Javascript Call,E:\WF\core\ext-all-dev.js
$.form.drawMultiVars.(unnamed_function_4).(unnamed_function_6).onClose(),E:\WF\core\form.js,183,$.page.triggerBy,Javascript Call,E:\WF\core\page.js
$.form.drawMultiVars.(unnamed_function_4).(unnamed_function_8).(unnamed_function_9)(),E:\WF\core\form.js,228,removeClass,Javascript Call,E:\WF\core\ext-all-dev.js
$.form.drawMultiVars.(unnamed_function_4).(unnamed_function_8).(unnamed_function_9).onClose(),E:\WF\core\form.js,244,$.page.triggerBy,Javascript Call,E:\WF\core\page.js
$.form.getInputData(),E:\WF\core\form.js,1089,(unnamed_function_2).getContent,Javascript Call,E:\WF\core\richEdit.js
$.form.initFormData(),E:\WF\core\form.js,1270,$.userContext.parser,Javascript Call,E:\WF\core\userContext.js
$.form.initFormData(),E:\WF\core\form.js,1260,String.prototype.replaceAll,Javascript Call,E:\WF\core\printHtml.js
$.form.initFormData(),E:\WF\core\form.js,1263,String.prototype.replaceAll,Javascript Call,E:\WF\core\printHtml.js
$.form.initFormData(),E:\WF\core\form.js,1270,$.getDataBySQL,Javascript Call,E:\WF\core\common.js
$.form.initFormData.afterBindSQLData(),E:\WF\core\form.js,1191,$.userContext.parser,Javascript Call,E:\WF\core\userContext.js
$.form.initSelectorVal(),E:\WF\core\form.js,1761,$.userContext.setData,Javascript Call,E:\WF\core\userContext.js
$.form.initSelectorVal(),E:\WF\core\form.js,1764,$.userContext.setData,Javascript Call,E:\WF\core\userContext.js
$.form.initSelectorVal(),E:\WF\core\form.js,1769,$.userContext.setData,Javascript Call,E:\WF\core\userContext.js
$.form.input.date.(unnamed_function_18)(),E:\WF\core\form.js,631,$.page.triggerBy,Javascript Call,E:\WF\core\page.js
$.form.input.date.onClose(),E:\WF\core\form.js,624,$.page.triggerBy,Javascript Call,E:\WF\core\page.js
$.form.input.func.(unnamed_function_26)(),E:\WF\core\form.js,807,$.page.triggerBy,Javascript Call,E:\WF\core\page.js
$.form.input.list.(unnamed_function_24)(),E:\WF\core\form.js,772,$.page.triggerBy,Javascript Call,E:\WF\core\page.js
$.form.input.richedit(),E:\WF\core\form.js,813,(unnamed_function_2).richEditor,Javascript Call,E:\WF\core\richEdit.js
$.form.input.text.(unnamed_function_14)(),E:\WF\core\form.js,556,$.page.triggerBy,Javascript Call,E:\WF\core\page.js
$.form.input.text.(unnamed_function_15)(),E:\WF\core\form.js,561,$.page.triggerBy,Javascript Call,E:\WF\core\page.js
$.form.input.text.(unnamed_function_16)(),E:\WF\core\form.js,567,$.page.triggerBy,Javascript Call,E:\WF\core\page.js
$.form.input.text.(unnamed_function_17)(),E:\WF\core\form.js,572,$.page.triggerBy,Javascript Call,E:\WF\core\page.js
$.form.input.textarea.(unnamed_function_20)(),E:\WF\core\form.js,648,$.page.triggerBy,Javascript Call,E:\WF\core\page.js
$.form.input.textselect.(unnamed_function_29)(),E:\WF\core\form.js,848,$.page.triggerBy,Javascript Call,E:\WF\core\page.js
$.form.input.textselect.(unnamed_function_30)(),E:\WF\core\form.js,853,$.page.triggerBy,Javascript Call,E:\WF\core\page.js
$.form.input.textselect.(unnamed_function_31)(),E:\WF\core\form.js,859,$.page.triggerBy,Javascript Call,E:\WF\core\page.js
$.form.input.textselect.(unnamed_function_32)(),E:\WF\core\form.js,864,$.page.triggerBy,Javascript Call,E:\WF\core\page.js
$.form.input.textselect.(unnamed_function_33)(),E:\WF\core\form.js,897,$.page.triggerBy,Javascript Call,E:\WF\core\page.js
$.form.input.windialog.(unnamed_function_27)(),E:\WF\core\form.js,835,$.page.act.jump,Javascript Call,E:\WF\core\page.js
$.form.input.windialog.(unnamed_function_27)(),E:\WF\core\form.js,835,$.page.idFunc.funcno2winno,Javascript Call,E:\WF\core\page.js
$.form.input.windialog.(unnamed_function_28)(),E:\WF\core\form.js,839,$.page.triggerBy,Javascript Call,E:\WF\core\page.js
$.form.moveTextToTitle(),E:\WF\core\form.js,376,(unnamed_function_186).pseudos.empty,Javascript Call,E:\WF\core\ext-all.js
$.form.openFunc(),E:\WF\core\form.js,1833,$.userContext.setData,Javascript Call,E:\WF\core\userContext.js
$.form.openFunc(),E:\WF\core\form.js,1817,$.getBrowserWidth,Javascript Call,E:\WF\core\common.js
$.form.openFunc(),E:\WF\core\form.js,1818,$.getBodyHeight,Javascript Call,E:\WF\core\common.js
$.form.openFunc.allComplete.buttons."取消"(),E:\WF\core\form.js,1852,$.userContext.setData,Javascript Call,E:\WF\core\userContext.js
$.form.openFunc.allComplete.buttons."确定"(),E:\WF\core\form.js,1862,$.userContext.parser,Javascript Call,E:\WF\core\userContext.js
$.form.openFunc.allComplete.buttons."确定"(),E:\WF\core\form.js,1877,$.userContext.setData,Javascript Call,E:\WF\core\userContext.js
$.form.openHyperQuery(),E:\WF\core\form.js,1391,$.page.hyperQueries.pushZindex,Javascript Call,E:\WF\core\page.js
$.form.openHyperQuery.allComplete.buttons."关闭"(),E:\WF\core\form.js,1429,$.page.hyperQueries.popZindex,Javascript Call,E:\WF\core\page.js
$.form.parseParamsToData(),E:\WF\core\form.js,1787,$.userContext.getDataForMultiVars,Javascript Call,E:\WF\core\userContext.js
$.form.replaceFieldMarks(),E:\WF\core\form.js,420,$.addHint,Javascript Call,E:\WF\core\common.js
$.form.runInstance.error(),E:\WF\core\form.js,68,(unnamed_function_186).pseudos.empty,Javascript Call,E:\WF\core\ext-all.js
$.form.runInstance.success(),E:\WF\core\form.js,51,$.userContext.appendDataType,Javascript Call,E:\WF\core\userContext.js
$.form.runInstance.success(),E:\WF\core\form.js,34,$.appendScript,Javascript Call,E:\WF\core\common.js
$.form.setFormTdCaption.(unnamed_function_11)(),E:\WF\core\form.js,484,String.prototype.replaceAll,Javascript Call,E:\WF\core\printHtml.js
$.form.setInputData(),E:\WF\core\form.js,1149,(unnamed_function_2).setContent,Javascript Call,E:\WF\core\richEdit.js
$.form.setUCDatabyMem(),E:\WF\core\form.js,1167,$.userContext.setData,Javascript Call,E:\WF\core\userContext.js
$.form.setUCDatabyMem(),E:\WF\core\form.js,1169,$.userContext.setData,Javascript Call,E:\WF\core\userContext.js
$.form.trigFunc(),E:\WF\core\form.js,1520,$.userContext.parser,Javascript Call,E:\WF\core\userContext.js
$.form.trigFunc(),E:\WF\core\form.js,1520,caculator,Javascript Use,E:\WF\core\condTester.js
$.form.trigFunc(),E:\WF\core\form.js,1520,caculator.caculate,Javascript Call,E:\WF\core\condTester.js
$.form.updateContext(),E:\WF\core\form.js,543,$.page.triggerBy,Javascript Call,E:\WF\core\page.js
$.geditor.runInstance.success(),E:\WF\core\geditor.js,26,$.userContext.appendDataType,Javascript Call,E:\WF\core\userContext.js
$.geditor.runInstance.success(),E:\WF\core\geditor.js,24,$.appendScript,Javascript Call,E:\WF\core\common.js
$.genAccordionMenu(),E:\WF\core\genAccordionMenu.js,93,(unnamed_function_186).pseudos.empty,Javascript Call,E:\WF\core\ext-all.js
$.genAccordionMenu.(unnamed_function_2)(),E:\WF\core\genAccordionMenu.js,134,removeClass,Javascript Call,E:\WF\core\ext-all-dev.js
$.genAccordionMenu.(unnamed_function_2)(),E:\WF\core\genAccordionMenu.js,139,removeClass,Javascript Call,E:\WF\core\ext-all-dev.js
$.genAccordionMenu2.(unnamed_function_3)(),E:\WF\core\genAccordionMenu.js,166,removeClass,Javascript Call,E:\WF\core\ext-all-dev.js
$.genAccordionMenuByAllMenus(),E:\WF\core\genAccordionMenu.js,87,(unnamed_function_186).pseudos.empty,Javascript Call,E:\WF\core\ext-all.js
$.gis.createNew(),E:\WF\core\gis.js,321,(unnamed_function_186).pseudos.empty,Javascript Call,E:\WF\core\ext-all.js
$.gis.drawBuilding.(unnamed_function_7)(),E:\WF\core\gis.js,182,$.page.act.jump,Javascript Call,E:\WF\core\page.js
$.gis.drawPanorama(),E:\WF\core\gis.js,286,(unnamed_function_186).pseudos.empty,Javascript Call,E:\WF\core\ext-all.js
$.gis.runInstance.error(),E:\WF\core\gis.js,48,(unnamed_function_186).pseudos.empty,Javascript Call,E:\WF\core\ext-all.js
$.gis.runInstance.success(),E:\WF\core\gis.js,30,$.appendScript,Javascript Call,E:\WF\core\common.js
$.gis.showBuildingOnPano(),E:\WF\core\gis.js,202,(unnamed_function_2).setContent,Javascript Call,E:\WF\core\richEdit.js
$.gis.showBuildingOnPano.(unnamed_function_9)(),E:\WF\core\gis.js,225,$.page.act.jump,Javascript Call,E:\WF\core\page.js
$.graph.createNew(),E:\WF\core\graph.js,208,$.userContext.parser,Javascript Call,E:\WF\core\userContext.js
$.graph.createNew(),E:\WF\core\graph.js,100,(unnamed_function_186).pseudos.empty,Javascript Call,E:\WF\core\ext-all.js
$.graph.createNew(),E:\WF\core\graph.js,208,$.getDataBySQL,Javascript Call,E:\WF\core\common.js
$.graph.initToolbar.(unnamed_function_12)(),E:\WF\core\graph.js,352,$.page.act.jump,Javascript Call,E:\WF\core\page.js
$.graph.initToolbar.(unnamed_function_12)(),E:\WF\core\graph.js,352,$.page.idFunc.funcno2winno,Javascript Call,E:\WF\core\page.js
$.graph.refresh.(unnamed_function_23)(),E:\WF\core\graph.js,843,$.userContext.parser,Javascript Call,E:\WF\core\userContext.js
$.graph.refresh.(unnamed_function_23)(),E:\WF\core\graph.js,843,$.getDataBySQL,Javascript Call,E:\WF\core\common.js
$.graph.refresh.(unnamed_function_23).refreshNodeWithData(),E:\WF\core\graph.js,831,$.userContext.parser,Javascript Call,E:\WF\core\userContext.js
$.graph.runInstance.error(),E:\WF\core\graph.js,45,(unnamed_function_186).pseudos.empty,Javascript Call,E:\WF\core\ext-all.js
$.graph.runInstance.success(),E:\WF\core\graph.js,28,$.appendScript,Javascript Call,E:\WF\core\common.js
$.grid.adjustHeight(),E:\WF\core\grid.js,1624,$.page.idFunc.funcno2winno,Javascript Call,E:\WF\core\page.js
$.grid.clear(),E:\WF\core\grid.js,1000,$.userContext.setData,Javascript Call,E:\WF\core\userContext.js
$.grid.clear(),E:\WF\core\grid.js,1001,$.userContext.setData,Javascript Call,E:\WF\core\userContext.js
$.grid.clear(),E:\WF\core\grid.js,1002,$.userContext.setData,Javascript Call,E:\WF\core\userContext.js
$.grid.clear(),E:\WF\core\grid.js,1003,$.userContext.setData,Javascript Call,E:\WF\core\userContext.js
$.grid.clear(),E:\WF\core\grid.js,1004,$.userContext.setData,Javascript Call,E:\WF\core\userContext.js
$.grid.clear(),E:\WF\core\grid.js,1005,$.userContext.setData,Javascript Call,E:\WF\core\userContext.js
$.grid.clear(),E:\WF\core\grid.js,1006,$.userContext.setData,Javascript Call,E:\WF\core\userContext.js
$.grid.clear(),E:\WF\core\grid.js,1007,$.userContext.setData,Javascript Call,E:\WF\core\userContext.js
$.grid.clear(),E:\WF\core\grid.js,1008,$.userContext.setData,Javascript Call,E:\WF\core\userContext.js
$.grid.createNew(),E:\WF\core\grid.js,148,$.button.createIcon,Javascript Call,E:\WF\core\common.js
$.grid.createNew(),E:\WF\core\grid.js,166,$.button.createIcon,Javascript Call,E:\WF\core\common.js
$.grid.createNew.(unnamed_function_4)(),E:\WF\core\grid.js,170,$.dialogContent,Javascript Call,E:\WF\core\common.js
$.grid.createSearchPanel(),E:\WF\core\grid.js,1291,$.userContext.setData,Javascript Call,E:\WF\core\userContext.js
$.grid.createSearchPanel(),E:\WF\core\grid.js,1333,$.userContext.parser,Javascript Call,E:\WF\core\userContext.js
$.grid.createSearchPanel(),E:\WF\core\grid.js,1356,(unnamed_function_186).pseudos.empty,Javascript Call,E:\WF\core\ext-all.js
$.grid.createSearchPanel.(unnamed_function_25)(),E:\WF\core\grid.js,1390,$.page.triggerBy,Javascript Call,E:\WF\core\page.js
$.grid.createSearchPanel.success(),E:\WF\core\grid.js,1340,(unnamed_function_186).pseudos.empty,Javascript Call,E:\WF\core\ext-all.js
$.grid.createSortDailog.(unnamed_function_20)(),E:\WF\core\grid.js,1088,removeClass,Javascript Call,E:\WF\core\ext-all-dev.js
$.grid.createSortDailog.(unnamed_function_21)(),E:\WF\core\grid.js,1094,removeClass,Javascript Call,E:\WF\core\ext-all-dev.js
$.grid.doQuery(),E:\WF\core\grid.js,1468,$.userContext.setData,Javascript Call,E:\WF\core\userContext.js
$.grid.doQuery(),E:\WF\core\grid.js,1471,$.userContext.setData,Javascript Call,E:\WF\core\userContext.js
$.grid.doQuery(),E:\WF\core\grid.js,1489,$.userContext.setData,Javascript Call,E:\WF\core\userContext.js
$.grid.doQuery(),E:\WF\core\grid.js,1492,$.userContext.setData,Javascript Call,E:\WF\core\userContext.js
$.grid.doQuery(),E:\WF\core\grid.js,1503,$.userContext.setData,Javascript Call,E:\WF\core\userContext.js
$.grid.doQuery(),E:\WF\core\grid.js,1506,$.userContext.setData,Javascript Call,E:\WF\core\userContext.js
$.grid.doQuery(),E:\WF\core\grid.js,1516,$.userContext.setData,Javascript Call,E:\WF\core\userContext.js
$.grid.doQuery(),E:\WF\core\grid.js,1527,$.userContext.setData,Javascript Call,E:\WF\core\userContext.js
$.grid.doQuery(),E:\WF\core\grid.js,1534,$.userContext.setData,Javascript Call,E:\WF\core\userContext.js
$.grid.expandColDef(),E:\WF\core\grid.js,254,$.userContext.parser,Javascript Call,E:\WF\core\userContext.js
$.grid.fn.addRow(),E:\WF\core\grid.js,1872,$.page.btn.generateCmd,Javascript Call,E:\WF\core\page.js
$.grid.fn.calcGridHeightByRows(),E:\WF\core\grid.js,1994,$.page.idFunc.funcno2winno,Javascript Call,E:\WF\core\page.js
$.grid.fn.calcGridHeightByRows(),E:\WF\core\grid.js,1997,$.page.idFunc.getWinDefbyWinno,Javascript Call,E:\WF\core\page.js
$.grid.fn.calcGridOtherHeight(),E:\WF\core\grid.js,2003,$.getElementHeight,Javascript Call,E:\WF\core\common.js
$.grid.fn.calcGridOtherHeight(),E:\WF\core\grid.js,2004,$.getElementHeight,Javascript Call,E:\WF\core\common.js
$.grid.fn.calcGridOtherHeight(),E:\WF\core\grid.js,2006,$.getElementHeight,Javascript Call,E:\WF\core\common.js
$.grid.fn.createColBtns(),E:\WF\core\grid.js,2086,$.page.idFunc.funcno2winno,Javascript Call,E:\WF\core\page.js
$.grid.fn.createColBtns.(unnamed_function_51)(),E:\WF\core\grid.js,2091,(unnamed_function_186).pseudos.empty,Javascript Call,E:\WF\core\ext-all.js
$.grid.fn.createColBtns.(unnamed_function_51).(unnamed_function_52)(),E:\WF\core\grid.js,2117,$.userContext.parser,Javascript Call,E:\WF\core\userContext.js
$.grid.fn.createColBtns.(unnamed_function_51).(unnamed_function_52)(),E:\WF\core\grid.js,2142,$.button.addBtnOperations,Javascript Call,E:\WF\core\common.js
$.grid.fn.createColBtns.(unnamed_function_51).(unnamed_function_52).(unnamed_function_53)(),E:\WF\core\grid.js,2140,$.button.btnClickFunc,Javascript Call,E:\WF\core\common.js
$.grid.fn.createColLinks.(unnamed_function_46)(),E:\WF\core\grid.js,2022,$.page.idFunc.funcno2winno,Javascript Call,E:\WF\core\page.js
$.grid.fn.createColLinks.(unnamed_function_46).(unnamed_function_47).(unnamed_function_48)(),E:\WF\core\grid.js,2034,$.button.btnClickFunc,Javascript Call,E:\WF\core\common.js
$.grid.fn.createColLinks.(unnamed_function_46).(unnamed_function_49).(unnamed_function_50)(),E:\WF\core\grid.js,2053,$.form.openHyperQuery,Javascript Call,E:\WF\core\form.js
$.grid.fn.delRow.(unnamed_function_40)(),E:\WF\core\grid.js,1861,$.page.btn.generateCmd,Javascript Call,E:\WF\core\page.js
$.grid.fn.editRow(),E:\WF\core\grid.js,1776,$.userContext.parser1,Javascript Call,E:\WF\core\userContext.js
$.grid.fn.editRow(),E:\WF\core\grid.js,1776,condTester,Javascript Use,E:\WF\core\condTester.js
$.grid.fn.editRow(),E:\WF\core\grid.js,1776,condTester.ifCondition,Javascript Call,E:\WF\core\condTester.js
$.grid.fn.editRow.(unnamed_function_35)(),E:\WF\core\grid.js,1812,$.page.btn.generateCmd,Javascript Call,E:\WF\core\page.js
$.grid.fn.editRow.(unnamed_function_35).(unnamed_function_37)(),E:\WF\core\grid.js,1822,removeClass,Javascript Call,E:\WF\core\ext-all-dev.js
$.grid.fn.getMultiRowsToContext(),E:\WF\core\grid.js,1905,$.userContext.setData,Javascript Call,E:\WF\core\userContext.js
$.grid.fn.getMultiRowsToContext(),E:\WF\core\grid.js,1906,$.userContext.setData,Javascript Call,E:\WF\core\userContext.js
$.grid.fn.getMultiRowsToContext(),E:\WF\core\grid.js,1907,$.userContext.setData,Javascript Call,E:\WF\core\userContext.js
$.grid.OnCheckBoxSearch(),E:\WF\core\grid.js,1152,funcno,Javascript Use,E:\WF\core\drilltable.js
$.grid.OnSelectSearch(),E:\WF\core\grid.js,1149,funcno,Javascript Use,E:\WF\core\drilltable.js
$.grid.OnTextSearch(),E:\WF\core\grid.js,1145,funcno,Javascript Use,E:\WF\core\drilltable.js
$.grid.openSearchPanel.buttons."查询"(),E:\WF\core\grid.js,1125,$.page.triggerBy,Javascript Call,E:\WF\core\page.js
$.grid.runInstance(),E:\WF\core\grid.js,93,$.userContext.setData,Javascript Call,E:\WF\core\userContext.js
$.grid.runInstance.success(),E:\WF\core\grid.js,82,$.userContext.appendDataType,Javascript Call,E:\WF\core\userContext.js
$.grid.runInstance.success(),E:\WF\core\grid.js,65,$.appendScript,Javascript Call,E:\WF\core\common.js
$.grid.setToolbar(),E:\WF\core\grid.js,605,(unnamed_function_186).pseudos.empty,Javascript Call,E:\WF\core\ext-all.js
$.grid.setToolbar(),E:\WF\core\grid.js,616,$.button.createIcon,Javascript Call,E:\WF\core\common.js
$.grid.setToolbar(),E:\WF\core\grid.js,631,$.button.createIcon,Javascript Call,E:\WF\core\common.js
$.grid.setToolbar(),E:\WF\core\grid.js,646,$.button.createIcon,Javascript Call,E:\WF\core\common.js
$.grid.setToolbar(),E:\WF\core\grid.js,660,$.button.createIcon,Javascript Call,E:\WF\core\common.js
$.grid.setToolbar(),E:\WF\core\grid.js,674,$.button.createIcon,Javascript Call,E:\WF\core\common.js
$.grid.setToolbar(),E:\WF\core\grid.js,694,$.button.createIcon,Javascript Call,E:\WF\core\common.js
$.grid.setToolbar(),E:\WF\core\grid.js,709,$.button.createIcon,Javascript Call,E:\WF\core\common.js
$.grid.setToolbar(),E:\WF\core\grid.js,744,$.button.createIcon,Javascript Call,E:\WF\core\common.js
$.grid.setToolbar(),E:\WF\core\grid.js,765,$.button.createIcon,Javascript Call,E:\WF\core\common.js
$.grid.setToolbar(),E:\WF\core\grid.js,780,$.button.createIcon,Javascript Call,E:\WF\core\common.js
$.grid.setToolbar(),E:\WF\core\grid.js,794,$.button.createIcon,Javascript Call,E:\WF\core\common.js
$.grid.setToolbar(),E:\WF\core\grid.js,812,$.button.createIcon,Javascript Call,E:\WF\core\common.js
$.htmlReport.callbackCreateNew.(unnamed_function_18)(),E:\WF\core\htmlReport.js,884,removeClass,Javascript Call,E:\WF\core\ext-all-dev.js
$.htmlReport.callbackCreateNew.(unnamed_function_20)(),E:\WF\core\htmlReport.js,911,(unnamed_function_186).pseudos.empty,Javascript Call,E:\WF\core\ext-all.js
$.htmlReport.callbackCreateNew.(unnamed_function_21)(),E:\WF\core\htmlReport.js,919,$.dialogContent,Javascript Call,E:\WF\core\common.js
$.htmlReport.callbackCreateNew.success(),E:\WF\core\htmlReport.js,814,$.addHint,Javascript Call,E:\WF\core\common.js
$.htmlReport.callbackCreateNew.success(),E:\WF\core\htmlReport.js,815,$.addHint,Javascript Call,E:\WF\core\common.js
$.htmlReport.callbackCreateNew.success(),E:\WF\core\htmlReport.js,816,$.addHint,Javascript Call,E:\WF\core\common.js
$.htmlReport.callbackCreateNew.success(),E:\WF\core\htmlReport.js,817,$.addHint,Javascript Call,E:\WF\core\common.js
$.htmlReport.callbackCreateNew.success(),E:\WF\core\htmlReport.js,853,$.getBrowserHeight,Javascript Call,E:\WF\core\common.js
$.htmlReport.callbackCreateNew.success.(unnamed_function_15)(),E:\WF\core\htmlReport.js,848,(unnamed_function_186).pseudos.empty,Javascript Call,E:\WF\core\ext-all.js
$.htmlReport.callbackCreateNew.success.(unnamed_function_16)(),E:\WF\core\htmlReport.js,857,$.dialogContent,Javascript Call,E:\WF\core\common.js
$.htmlReport.callbackCreateNew.success.(unnamed_function_9)(),E:\WF\core\htmlReport.js,808,removeClass,Javascript Call,E:\WF\core\ext-all-dev.js
$.htmlReport.clickTr(),E:\WF\core\htmlReport.js,301,removeClass,Javascript Call,E:\WF\core\ext-all-dev.js
$.htmlReport.collapse(),E:\WF\core\htmlReport.js,401,removeClass,Javascript Call,E:\WF\core\ext-all-dev.js
$.htmlReport.createNew(),E:\WF\core\htmlReport.js,752,$.drilltable.getRoleTplDrillOps,Javascript Call,E:\WF\core\drilltable.js
$.htmlReport.createNew(),E:\WF\core\htmlReport.js,750,(unnamed_function_186).pseudos.empty,Javascript Call,E:\WF\core\ext-all.js
$.htmlReport.expand(),E:\WF\core\htmlReport.js,408,removeClass,Javascript Call,E:\WF\core\ext-all-dev.js
$.htmlReport.loadInitData(),E:\WF\core\htmlReport.js,501,removeClass,Javascript Call,E:\WF\core\ext-all-dev.js
$.htmlReport.loadInitData(),E:\WF\core\htmlReport.js,488,$.isInteger,Javascript Call,E:\WF\core\common.js
$.htmlReport.loadInitData(),E:\WF\core\htmlReport.js,517,$.formatNumberToShow,Javascript Call,E:\WF\core\common.js
$.htmlReport.refresh(),E:\WF\core\htmlReport.js,634,$.userContext.parser,Javascript Call,E:\WF\core\userContext.js
$.htmlReport.refresh(),E:\WF\core\htmlReport.js,639,$.userContext.parser,Javascript Call,E:\WF\core\userContext.js
$.htmlReport.runInstance.success(),E:\WF\core\htmlReport.js,51,$.userContext.parser,Javascript Call,E:\WF\core\userContext.js
$.htmlReport.runInstance.success(),E:\WF\core\htmlReport.js,52,$.userContext.parser,Javascript Call,E:\WF\core\userContext.js
$.htmlReport.showCWFormular(),E:\WF\core\htmlReport.js,237,$.userContext.setData,Javascript Call,E:\WF\core\userContext.js
$.htmlReport.showCWFormular(),E:\WF\core\htmlReport.js,238,$.userContext.setData,Javascript Call,E:\WF\core\userContext.js
$.htmlReport.showCWFormular(),E:\WF\core\htmlReport.js,239,$.userContext.setData,Javascript Call,E:\WF\core\userContext.js
$.htmlReport.showCWFormular(),E:\WF\core\htmlReport.js,240,$.userContext.setData,Javascript Call,E:\WF\core\userContext.js
$.htmlReport.showCWFormular(),E:\WF\core\htmlReport.js,282,$.dialogDrillGrid.dialogGrid,Javascript Call,E:\WF\core\dialogDrillGrid.js
$.htmlReport.showCWFormular(),E:\WF\core\htmlReport.js,295,$.dialogDrillGrid.dialogGrid,Javascript Call,E:\WF\core\dialogDrillGrid.js
$.htmlReport.toggleNode.success(),E:\WF\core\htmlReport.js,438,removeClass,Javascript Call,E:\WF\core\ext-all-dev.js
$.htmlReport.wrapRowData.(unnamed_function_2)(),E:\WF\core\htmlReport.js,346,$.getBrowserHeight,Javascript Call,E:\WF\core\common.js
$.ledWarning.createNew.success(),E:\WF\core\ledWarning.js,33,(unnamed_function_186).pseudos.empty,Javascript Call,E:\WF\core\ext-all.js
$.ledWarning.genGrid(),E:\WF\core\ledWarning.js,252,(unnamed_function_186).pseudos.empty,Javascript Call,E:\WF\core\ext-all.js
$.messageBox.callFunc(),E:\WF\core\messageBox.js,112,$.userContext.parser1,Javascript Call,E:\WF\core\userContext.js
$.messageBox.callFunc(),E:\WF\core\messageBox.js,113,caculator,Javascript Use,E:\WF\core\condTester.js
$.messageBox.callFunc(),E:\WF\core\messageBox.js,113,caculator.caculate,Javascript Call,E:\WF\core\condTester.js
$.messageBox.createNew(),E:\WF\core\messageBox.js,49,$.userContext.parser1,Javascript Call,E:\WF\core\userContext.js
$.messageBox.createNew(),E:\WF\core\messageBox.js,41,$.page.btn.generateCmd,Javascript Call,E:\WF\core\page.js
$.messageBox.createNew(),E:\WF\core\messageBox.js,50,$.page.idFunc.funcno2winno,Javascript Call,E:\WF\core\page.js
$.messageBox.createNew(),E:\WF\core\messageBox.js,49,condTester,Javascript Use,E:\WF\core\condTester.js
$.messageBox.createNew(),E:\WF\core\messageBox.js,49,condTester.ifCondition,Javascript Call,E:\WF\core\condTester.js
$.messageBox.createNew.(unnamed_function_2)(),E:\WF\core\messageBox.js,44,$.page.idFunc.funcno2winno,Javascript Call,E:\WF\core\page.js
$.messageBox.drawNew(),E:\WF\core\messageBox.js,184,(unnamed_function_186).pseudos.empty,Javascript Call,E:\WF\core\ext-all.js
$.msgContent.content.list.(unnamed_function_11)(),E:\WF\core\msgContent.js,206,$.userContext.setData,Javascript Call,E:\WF\core\userContext.js
$.msgContent.content.paw.(unnamed_function_12)(),E:\WF\core\msgContent.js,246,$.userContext.setData,Javascript Call,E:\WF\core\userContext.js
$.msgContent.content.pic.(unnamed_function_6)(),E:\WF\core\msgContent.js,147,$.userContext.setData,Javascript Call,E:\WF\core\userContext.js
$.msgContent.content.pic.showImg(),E:\WF\core\msgContent.js,99,removeClass,Javascript Call,E:\WF\core\ext-all-dev.js
$.msgContent.createNew(),E:\WF\core\msgContent.js,66,_cutStr,Javascript Call,E:\WF\core\common.js
$.msgContent.refresh(),E:\WF\core\msgContent.js,287,funcno,Javascript Use,E:\WF\core\drilltable.js
$.page.act.jump(),E:\WF\core\page.js,643,(unnamed_function_186).pseudos.empty,Javascript Call,E:\WF\core\ext-all.js
$.page.act.refresh(),E:\WF\core\page.js,671,$.userContext.setFuncRef,Javascript Call,E:\WF\core\userContext.js
$.page.act.refresh(),E:\WF\core\page.js,672,$.userContext.setData,Javascript Call,E:\WF\core\userContext.js
$.page.act.refresh(),E:\WF\core\page.js,688,$.userContext.parser,Javascript Call,E:\WF\core\userContext.js
$.page.act.routeActs(),E:\WF\core\page.js,720,$.userContext.parser1,Javascript Call,E:\WF\core\userContext.js
$.page.act.routeActs(),E:\WF\core\page.js,725,condTester,Javascript Use,E:\WF\core\condTester.js
$.page.act.routeActs(),E:\WF\core\page.js,725,condTester.ifCondition,Javascript Call,E:\WF\core\condTester.js
$.page.act.routeAffects(),E:\WF\core\page.js,734,$.userContext.parser1,Javascript Call,E:\WF\core\userContext.js
$.page.act.routeAffects(),E:\WF\core\page.js,740,condTester,Javascript Use,E:\WF\core\condTester.js
$.page.act.routeAffects(),E:\WF\core\page.js,740,condTester.ifCondition,Javascript Call,E:\WF\core\condTester.js
$.page.btn.generateCmd(),E:\WF\core\page.js,801,$.userContext.parser,Javascript Call,E:\WF\core\userContext.js
$.page.btn.generateCmd(),E:\WF\core\page.js,811,$.userContext.parser,Javascript Call,E:\WF\core\userContext.js
$.page.createBtnsBar.createBtnsonBar.(unnamed_function_11)(),E:\WF\core\page.js,533,$.button.addBtnOperations,Javascript Call,E:\WF\core\common.js
$.page.createBtnsBar.createBtnsonBar.(unnamed_function_11).btn.(unnamed_function_12)(),E:\WF\core\page.js,531,$.button.btnClickFunc,Javascript Call,E:\WF\core\common.js
$.page.createFuncs(),E:\WF\core\page.js,1122,$.getElementHeight,Javascript Call,E:\WF\core\common.js
$.page.createFuncs.(unnamed_function_22)(),E:\WF\core\page.js,1184,$.userContext.parser,Javascript Call,E:\WF\core\userContext.js
$.page.createFuncs.(unnamed_function_22).open(),E:\WF\core\page.js,1193,removeClass,Javascript Call,E:\WF\core\ext-all-dev.js
$.page.createOneWin.(unnamed_function_18)(),E:\WF\core\page.js,1009,$.getCSSNum,Javascript Call,E:\WF\core\common.js
$.page.createOneWin.(unnamed_function_18)(),E:\WF\core\page.js,1019,$.getCSSNum,Javascript Call,E:\WF\core\common.js
$.page.createOneWin.(unnamed_function_18).(unnamed_function_19)(),E:\WF\core\page.js,1036,$.wingroup.findContWinsByInnerWinno,Javascript Call,E:\WF\core\winGroup.js
$.page.createOneWin.(unnamed_function_18).(unnamed_function_19)(),E:\WF\core\page.js,1044,$.wingroup.sizeFuncs.getGridDivPos,Javascript Call,E:\WF\core\winGroup.js
$.page.createOneWin.(unnamed_function_18).(unnamed_function_19)(),E:\WF\core\page.js,1032,$.getCSSNum,Javascript Call,E:\WF\core\common.js
$.page.createPage(),E:\WF\core\page.js,303,$.userContext.parser,Javascript Call,E:\WF\core\userContext.js
$.page.createPage(),E:\WF\core\page.js,313,$.userContext.parser,Javascript Call,E:\WF\core\userContext.js
$.page.createPage(),E:\WF\core\page.js,289,(unnamed_function_186).pseudos.empty,Javascript Call,E:\WF\core\ext-all.js
$.page.createPage(),E:\WF\core\page.js,303,_cutStr,Javascript Call,E:\WF\core\common.js
$.page.doAlignWhenFin(),E:\WF\core\page.js,972,$.wingroup.triggerAlign,Javascript Call,E:\WF\core\winGroup.js
$.page.drawWindow(),E:\WF\core\page.js,396,$.ECOND.dialogTitleHeight,Javascript Call,E:\WF\core\exploreCond.js
$.page.drawWindow(),E:\WF\core\page.js,426,$.ECOND.dialogFooter,Javascript Call,E:\WF\core\exploreCond.js
$.page.drawWindow(),E:\WF\core\page.js,491,$.ECOND.borderSpacing,Javascript Call,E:\WF\core\exploreCond.js
$.page.drawWindow(),E:\WF\core\page.js,418,$.userContext.parser,Javascript Call,E:\WF\core\userContext.js
$.page.drawWindow(),E:\WF\core\page.js,452,$.addHint,Javascript Call,E:\WF\core\common.js
$.page.drawWindow(),E:\WF\core\page.js,489,$.getElementHeight,Javascript Call,E:\WF\core\common.js
$.page.drawWindow.(unnamed_function_10)(),E:\WF\core\page.js,455,$.userContext.setData,Javascript Call,E:\WF\core\userContext.js
$.page.getCenterWinsFrame(),E:\WF\core\page.js,1095,$.getCSSNum,Javascript Call,E:\WF\core\common.js
$.page.getCenterWinsFrame(),E:\WF\core\page.js,1095,$.getCSSNum,Javascript Call,E:\WF\core\common.js
$.page.getCenterWinsFrame(),E:\WF\core\page.js,1096,$.getCSSNum,Javascript Call,E:\WF\core\common.js
$.page.getCenterWinsFrame(),E:\WF\core\page.js,1096,$.getCSSNum,Javascript Call,E:\WF\core\common.js
$.page.getCenterWinsFrame(),E:\WF\core\page.js,1097,$.getCSSNum,Javascript Call,E:\WF\core\common.js
$.page.getCenterWinsFrame(),E:\WF\core\page.js,1098,$.getCSSNum,Javascript Call,E:\WF\core\common.js
$.page.handleMsg.dealLocalval(),E:\WF\core\page.js,576,$.userContext.setData,Javascript Call,E:\WF\core\userContext.js
$.page.loadFunc(),E:\WF\core\page.js,514,$.userContext.setData,Javascript Call,E:\WF\core\userContext.js
$.page.open.winJump(),E:\WF\core\page.js,250,(unnamed_function_186).pseudos.empty,Javascript Call,E:\WF\core\ext-all.js
$.page.openExternal(),E:\WF\core\page.js,103,$.userContext.setData,Javascript Call,E:\WF\core\userContext.js
$.page.reload(),E:\WF\core\page.js,562,(unnamed_function_186).pseudos.empty,Javascript Call,E:\WF\core\ext-all.js
$.page.winSize.doWinsAlign(),E:\WF\core\page.js,1490,$.getElementHeight,Javascript Call,E:\WF\core\common.js
$.page.winSize.doWinsAlign.winsLayout(),E:\WF\core\page.js,1618,$.getCSSNum,Javascript Call,E:\WF\core\common.js
$.page.winSize.doWinsAlign.winsLayout(),E:\WF\core\page.js,1619,$.getCSSNum,Javascript Call,E:\WF\core\common.js
$.page.winSize.doWinsAlign.winsLayout(),E:\WF\core\page.js,1620,$.getCSSNum,Javascript Call,E:\WF\core\common.js
$.page.winSize.doWinsAlign.winsLayout(),E:\WF\core\page.js,1621,$.getCSSNum,Javascript Call,E:\WF\core\common.js
$.page.winSize.doWinsAlign.winsLayout.getRect(),E:\WF\core\page.js,1551,$.getCSSNum,Javascript Call,E:\WF\core\common.js
$.page.winSize.doWinsAlign.winsLayout.getRect(),E:\WF\core\page.js,1552,$.getCSSNum,Javascript Call,E:\WF\core\common.js
$.page.winSize.doWinsAlign.winsLayout.getRect(),E:\WF\core\page.js,1553,$.getCSSNum,Javascript Call,E:\WF\core\common.js
$.page.winSize.doWinsAlign.winsLayout.getRect(),E:\WF\core\page.js,1554,$.getCSSNum,Javascript Call,E:\WF\core\common.js
$.page.winSize.doWinsAlign.winsLayout.getRect(),E:\WF\core\page.js,1561,$.getCSSNum,Javascript Call,E:\WF\core\common.js
$.page.winSize.doWinsAlign.winsLayout.getRect(),E:\WF\core\page.js,1566,$.getCSSNum,Javascript Call,E:\WF\core\common.js
$.page.winSize.doWinsAlign.winsLayout.getRect(),E:\WF\core\page.js,1568,$.getCSSNum,Javascript Call,E:\WF\core\common.js
$.page.winSize.doWinsAlign.winsLayout.getRect(),E:\WF\core\page.js,1574,$.getCSSNum,Javascript Call,E:\WF\core\common.js
$.page.winSize.doWinsAlign.winsLayout.getRect(),E:\WF\core\page.js,1579,$.getCSSNum,Javascript Call,E:\WF\core\common.js
$.page.winSize.doWinsAlign.winsLayout.getRect(),E:\WF\core\page.js,1581,$.getCSSNum,Javascript Call,E:\WF\core\common.js
$.page.winSize.maximizeWin(),E:\WF\core\page.js,1323,$.getBodyHeight,Javascript Call,E:\WF\core\common.js
$.printHtml.drawNew(),E:\WF\core\printHtml.js,228,(unnamed_function_186).pseudos.empty,Javascript Call,E:\WF\core\ext-all.js
$.printHtml.parserContent(),E:\WF\core\printHtml.js,174,$.userContext.parser,Javascript Call,E:\WF\core\userContext.js
$.printHtml.parserContent(),E:\WF\core\printHtml.js,174,$.customWin.getDatasFromDB,Javascript Call,E:\WF\core\customWin.js
$.tree.bindData(),E:\WF\core\tree.js,167,$.userContext.parser,Javascript Call,E:\WF\core\userContext.js
$.tree.bindData(),E:\WF\core\tree.js,168,$.userContext.parser,Javascript Call,E:\WF\core\userContext.js
$.tree.bindData(),E:\WF\core\tree.js,193,$.userContext.parser,Javascript Call,E:\WF\core\userContext.js
$.tree.clickItem(),E:\WF\core\tree.js,360,$.userContext.setData,Javascript Call,E:\WF\core\userContext.js
$.tree.clickItem(),E:\WF\core\tree.js,363,$.page.triggerBy,Javascript Call,E:\WF\core\page.js
$.tree.clickItem(),E:\WF\core\tree.js,350,removeClass,Javascript Call,E:\WF\core\ext-all-dev.js
$.tree.expand(),E:\WF\core\tree.js,277,removeClass,Javascript Call,E:\WF\core\ext-all-dev.js
$.tree.expand(),E:\WF\core\tree.js,278,removeClass,Javascript Call,E:\WF\core\ext-all-dev.js
$.tree.expand(),E:\WF\core\tree.js,281,removeClass,Javascript Call,E:\WF\core\ext-all-dev.js
$.tree.expand(),E:\WF\core\tree.js,282,removeClass,Javascript Call,E:\WF\core\ext-all-dev.js
$.tree.refresh(),E:\WF\core\tree.js,389,(unnamed_function_186).pseudos.empty,Javascript Call,E:\WF\core\ext-all.js
$.tree.runInstance.success(),E:\WF\core\tree.js,49,$.userContext.appendDataType,Javascript Call,E:\WF\core\userContext.js
$.tree.runInstance.success(),E:\WF\core\tree.js,47,$.appendScript,Javascript Call,E:\WF\core\common.js
$.tree.saveKeyValToContext(),E:\WF\core\tree.js,308,$.userContext.setData,Javascript Call,E:\WF\core\userContext.js
$.tree.saveKeyValToContext(),E:\WF\core\tree.js,310,$.userContext.setData,Javascript Call,E:\WF\core\userContext.js
$.tree.saveKeyValToContext(),E:\WF\core\tree.js,312,$.userContext.setData,Javascript Call,E:\WF\core\userContext.js
$.tree.saveKeyValToContext(),E:\WF\core\tree.js,313,$.userContext.setData,Javascript Call,E:\WF\core\userContext.js
$.treeCheck.genFuncDatainMem(),E:\WF\core\treeCheck2.js,280,$.treeCheck.getCheckedNodes,Javascript Call,E:\WF\core\treeCheck.js
$.treeCheck.genSetting.onCheck(),E:\WF\core\treeCheck2.js,103,$.userContext.setData,Javascript Call,E:\WF\core\userContext.js
$.treeCheck.genSetting.onCheck(),E:\WF\core\treeCheck2.js,106,$.userContext.setData,Javascript Call,E:\WF\core\userContext.js
$.treeCheck.genSetting.onCheck(),E:\WF\core\treeCheck2.js,82,$.treeCheck.getCheckedNodes,Javascript Call,E:\WF\core\treeCheck.js
$.treeCheck.genSetting.onCheck(),E:\WF\core\treeCheck2.js,89,$.treeCheck.getCheckedNodes,Javascript Call,E:\WF\core\treeCheck.js
$.treeCheck.genSetting.zTreeOnClick(),E:\WF\core\treeCheck2.js,112,$.userContext.setData,Javascript Call,E:\WF\core\userContext.js
$.treeCheck.genSetting.zTreeOnClick(),E:\WF\core\treeCheck2.js,113,$.userContext.setData,Javascript Call,E:\WF\core\userContext.js
$.treeCheck.refresh(),E:\WF\core\treeCheck2.js,265,(unnamed_function_186).pseudos.empty,Javascript Call,E:\WF\core\ext-all.js
$.treeCheck.refresh(),E:\WF\core\treeCheck.js,138,(unnamed_function_186).pseudos.empty,Javascript Call,E:\WF\core\ext-all.js
$.treeCheck.runInstance.success(),E:\WF\core\treeCheck.js,27,$.userContext.appendDataType,Javascript Call,E:\WF\core\userContext.js
$.treeCheck.saveKeyValToContext(),E:\WF\core\treeCheck.js,117,$.userContext.setData,Javascript Call,E:\WF\core\userContext.js
$.treeCheck.saveKeyValToContext(),E:\WF\core\treeCheck.js,126,$.userContext.setData,Javascript Call,E:\WF\core\userContext.js
$.treeCheck.saveKeyValToContext(),E:\WF\core\treeCheck.js,128,$.userContext.setData,Javascript Call,E:\WF\core\userContext.js
$.treeCheck.saveKeyValToContext(),E:\WF\core\treeCheck.js,129,$.userContext.setData,Javascript Call,E:\WF\core\userContext.js
$.treeCombo.createNew(),E:\WF\core\treeCombo.js,62,$.userContext.setData,Javascript Call,E:\WF\core\userContext.js
$.treeCombo.createNew(),E:\WF\core\treeCombo.js,64,$.userContext.setData,Javascript Call,E:\WF\core\userContext.js
$.treeCombo.createOneCombo.(unnamed_function_2)(),E:\WF\core\treeCombo.js,83,$.userContext.setData,Javascript Call,E:\WF\core\userContext.js
$.treeCombo.createOneCombo.(unnamed_function_2)(),E:\WF\core\treeCombo.js,84,$.userContext.setData,Javascript Call,E:\WF\core\userContext.js
$.treeCombo.createOneCombo.(unnamed_function_2)(),E:\WF\core\treeCombo.js,87,$.userContext.setData,Javascript Call,E:\WF\core\userContext.js
$.treeCombo.createOneCombo.(unnamed_function_2)(),E:\WF\core\treeCombo.js,88,$.userContext.setData,Javascript Call,E:\WF\core\userContext.js
$.treeCombo.createOneCombo.(unnamed_function_2)(),E:\WF\core\treeCombo.js,96,$.page.triggerBy,Javascript Call,E:\WF\core\page.js
$.treeCombo.fn.bindComboData(),E:\WF\core\treeCombo.js,150,$.userContext.parser,Javascript Call,E:\WF\core\userContext.js
$.treeCombo.fn.clearKeyVal(),E:\WF\core\treeCombo.js,126,$.userContext.setData,Javascript Call,E:\WF\core\userContext.js
$.treeCombo.fn.clearKeyVal(),E:\WF\core\treeCombo.js,128,$.userContext.setData,Javascript Call,E:\WF\core\userContext.js
$.treeCombo.runInstance.success(),E:\WF\core\treeCombo.js,27,$.userContext.appendDataType,Javascript Call,E:\WF\core\userContext.js
$.treegrid.adjustHeight(),E:\WF\core\treeGrid.js,1622,$.page.idFunc.funcno2winno,Javascript Call,E:\WF\core\page.js
$.treegrid.clear(),E:\WF\core\treeGrid.js,998,$.userContext.setData,Javascript Call,E:\WF\core\userContext.js
$.treegrid.clear(),E:\WF\core\treeGrid.js,999,$.userContext.setData,Javascript Call,E:\WF\core\userContext.js
$.treegrid.clear(),E:\WF\core\treeGrid.js,1000,$.userContext.setData,Javascript Call,E:\WF\core\userContext.js
$.treegrid.clear(),E:\WF\core\treeGrid.js,1001,$.userContext.setData,Javascript Call,E:\WF\core\userContext.js
$.treegrid.clear(),E:\WF\core\treeGrid.js,1002,$.userContext.setData,Javascript Call,E:\WF\core\userContext.js
$.treegrid.clear(),E:\WF\core\treeGrid.js,1003,$.userContext.setData,Javascript Call,E:\WF\core\userContext.js
$.treegrid.clear(),E:\WF\core\treeGrid.js,1004,$.userContext.setData,Javascript Call,E:\WF\core\userContext.js
$.treegrid.clear(),E:\WF\core\treeGrid.js,1005,$.userContext.setData,Javascript Call,E:\WF\core\userContext.js
$.treegrid.clear(),E:\WF\core\treeGrid.js,1006,$.userContext.setData,Javascript Call,E:\WF\core\userContext.js
$.treegrid.createNew(),E:\WF\core\treeGrid.js,148,$.button.createIcon,Javascript Call,E:\WF\core\common.js
$.treegrid.createNew(),E:\WF\core\treeGrid.js,166,$.button.createIcon,Javascript Call,E:\WF\core\common.js
$.treegrid.createNew.(unnamed_function_4)(),E:\WF\core\treeGrid.js,170,$.dialogContent,Javascript Call,E:\WF\core\common.js
$.treegrid.createSearchPanel(),E:\WF\core\treeGrid.js,1289,$.userContext.setData,Javascript Call,E:\WF\core\userContext.js
$.treegrid.createSearchPanel(),E:\WF\core\treeGrid.js,1331,$.userContext.parser,Javascript Call,E:\WF\core\userContext.js
$.treegrid.createSearchPanel(),E:\WF\core\treeGrid.js,1354,(unnamed_function_186).pseudos.empty,Javascript Call,E:\WF\core\ext-all.js
$.treegrid.createSearchPanel.(unnamed_function_25)(),E:\WF\core\treeGrid.js,1388,$.page.triggerBy,Javascript Call,E:\WF\core\page.js
$.treegrid.createSearchPanel.success(),E:\WF\core\treeGrid.js,1338,(unnamed_function_186).pseudos.empty,Javascript Call,E:\WF\core\ext-all.js
$.treegrid.createSortDailog.(unnamed_function_20)(),E:\WF\core\treeGrid.js,1086,removeClass,Javascript Call,E:\WF\core\ext-all-dev.js
$.treegrid.createSortDailog.(unnamed_function_21)(),E:\WF\core\treeGrid.js,1092,removeClass,Javascript Call,E:\WF\core\ext-all-dev.js
$.treegrid.doQuery(),E:\WF\core\treeGrid.js,1466,$.userContext.setData,Javascript Call,E:\WF\core\userContext.js
$.treegrid.doQuery(),E:\WF\core\treeGrid.js,1469,$.userContext.setData,Javascript Call,E:\WF\core\userContext.js
$.treegrid.doQuery(),E:\WF\core\treeGrid.js,1487,$.userContext.setData,Javascript Call,E:\WF\core\userContext.js
$.treegrid.doQuery(),E:\WF\core\treeGrid.js,1490,$.userContext.setData,Javascript Call,E:\WF\core\userContext.js
$.treegrid.doQuery(),E:\WF\core\treeGrid.js,1501,$.userContext.setData,Javascript Call,E:\WF\core\userContext.js
$.treegrid.doQuery(),E:\WF\core\treeGrid.js,1504,$.userContext.setData,Javascript Call,E:\WF\core\userContext.js
$.treegrid.doQuery(),E:\WF\core\treeGrid.js,1514,$.userContext.setData,Javascript Call,E:\WF\core\userContext.js
$.treegrid.doQuery(),E:\WF\core\treeGrid.js,1525,$.userContext.setData,Javascript Call,E:\WF\core\userContext.js
$.treegrid.doQuery(),E:\WF\core\treeGrid.js,1532,$.userContext.setData,Javascript Call,E:\WF\core\userContext.js
$.treegrid.expandColDef(),E:\WF\core\treeGrid.js,254,$.userContext.parser,Javascript Call,E:\WF\core\userContext.js
$.treegrid.fn.addRow(),E:\WF\core\treeGrid.js,1870,$.page.btn.generateCmd,Javascript Call,E:\WF\core\page.js
$.treegrid.fn.calcGridHeightByRows(),E:\WF\core\treeGrid.js,1992,$.page.idFunc.funcno2winno,Javascript Call,E:\WF\core\page.js
$.treegrid.fn.calcGridHeightByRows(),E:\WF\core\treeGrid.js,1995,$.page.idFunc.getWinDefbyWinno,Javascript Call,E:\WF\core\page.js
$.treegrid.fn.calcGridOtherHeight(),E:\WF\core\treeGrid.js,2001,$.getElementHeight,Javascript Call,E:\WF\core\common.js
$.treegrid.fn.calcGridOtherHeight(),E:\WF\core\treeGrid.js,2002,$.getElementHeight,Javascript Call,E:\WF\core\common.js
$.treegrid.fn.calcGridOtherHeight(),E:\WF\core\treeGrid.js,2004,$.getElementHeight,Javascript Call,E:\WF\core\common.js
$.treegrid.fn.createColBtns(),E:\WF\core\treeGrid.js,2084,$.page.idFunc.funcno2winno,Javascript Call,E:\WF\core\page.js
$.treegrid.fn.createColBtns.(unnamed_function_51)(),E:\WF\core\treeGrid.js,2089,(unnamed_function_186).pseudos.empty,Javascript Call,E:\WF\core\ext-all.js
$.treegrid.fn.createColBtns.(unnamed_function_51).(unnamed_function_52)(),E:\WF\core\treeGrid.js,2115,$.userContext.parser,Javascript Call,E:\WF\core\userContext.js
$.treegrid.fn.createColBtns.(unnamed_function_51).(unnamed_function_52)(),E:\WF\core\treeGrid.js,2140,$.button.addBtnOperations,Javascript Call,E:\WF\core\common.js
$.treegrid.fn.createColBtns.(unnamed_function_51).(unnamed_function_52).(unnamed_function_53)(),E:\WF\core\treeGrid.js,2138,$.button.btnClickFunc,Javascript Call,E:\WF\core\common.js
$.treegrid.fn.createColLinks.(unnamed_function_46)(),E:\WF\core\treeGrid.js,2020,$.page.idFunc.funcno2winno,Javascript Call,E:\WF\core\page.js
$.treegrid.fn.createColLinks.(unnamed_function_46).(unnamed_function_47).(unnamed_function_48)(),E:\WF\core\treeGrid.js,2032,$.button.btnClickFunc,Javascript Call,E:\WF\core\common.js
$.treegrid.fn.createColLinks.(unnamed_function_46).(unnamed_function_49).(unnamed_function_50)(),E:\WF\core\treeGrid.js,2051,$.form.openHyperQuery,Javascript Call,E:\WF\core\form.js
$.treegrid.fn.delRow.(unnamed_function_40)(),E:\WF\core\treeGrid.js,1859,$.page.btn.generateCmd,Javascript Call,E:\WF\core\page.js
$.treegrid.fn.editRow(),E:\WF\core\treeGrid.js,1774,$.userContext.parser1,Javascript Call,E:\WF\core\userContext.js
$.treegrid.fn.editRow(),E:\WF\core\treeGrid.js,1774,condTester,Javascript Use,E:\WF\core\condTester.js
$.treegrid.fn.editRow(),E:\WF\core\treeGrid.js,1774,condTester.ifCondition,Javascript Call,E:\WF\core\condTester.js
$.treegrid.fn.editRow.(unnamed_function_35)(),E:\WF\core\treeGrid.js,1810,$.page.btn.generateCmd,Javascript Call,E:\WF\core\page.js
$.treegrid.fn.editRow.(unnamed_function_35).(unnamed_function_37)(),E:\WF\core\treeGrid.js,1820,removeClass,Javascript Call,E:\WF\core\ext-all-dev.js
$.treegrid.fn.getMultiRowsToContext(),E:\WF\core\treeGrid.js,1903,$.userContext.setData,Javascript Call,E:\WF\core\userContext.js
$.treegrid.fn.getMultiRowsToContext(),E:\WF\core\treeGrid.js,1904,$.userContext.setData,Javascript Call,E:\WF\core\userContext.js
$.treegrid.fn.getMultiRowsToContext(),E:\WF\core\treeGrid.js,1905,$.userContext.setData,Javascript Call,E:\WF\core\userContext.js
$.treegrid.OnCheckBoxSearch(),E:\WF\core\treeGrid.js,1150,funcno,Javascript Use,E:\WF\core\drilltable.js
$.treegrid.OnSelectSearch(),E:\WF\core\treeGrid.js,1147,funcno,Javascript Use,E:\WF\core\drilltable.js
$.treegrid.OnTextSearch(),E:\WF\core\treeGrid.js,1143,funcno,Javascript Use,E:\WF\core\drilltable.js
$.treegrid.openSearchPanel.buttons."查询"(),E:\WF\core\treeGrid.js,1123,$.page.triggerBy,Javascript Call,E:\WF\core\page.js
$.treegrid.runInstance(),E:\WF\core\treeGrid.js,93,$.userContext.setData,Javascript Call,E:\WF\core\userContext.js
$.treegrid.runInstance.success(),E:\WF\core\treeGrid.js,82,$.userContext.appendDataType,Javascript Call,E:\WF\core\userContext.js
$.treegrid.runInstance.success(),E:\WF\core\treeGrid.js,65,$.appendScript,Javascript Call,E:\WF\core\common.js
$.treegrid.setToolbar(),E:\WF\core\treeGrid.js,603,(unnamed_function_186).pseudos.empty,Javascript Call,E:\WF\core\ext-all.js
$.treegrid.setToolbar(),E:\WF\core\treeGrid.js,614,$.button.createIcon,Javascript Call,E:\WF\core\common.js
$.treegrid.setToolbar(),E:\WF\core\treeGrid.js,629,$.button.createIcon,Javascript Call,E:\WF\core\common.js
$.treegrid.setToolbar(),E:\WF\core\treeGrid.js,644,$.button.createIcon,Javascript Call,E:\WF\core\common.js
$.treegrid.setToolbar(),E:\WF\core\treeGrid.js,658,$.button.createIcon,Javascript Call,E:\WF\core\common.js
$.treegrid.setToolbar(),E:\WF\core\treeGrid.js,672,$.button.createIcon,Javascript Call,E:\WF\core\common.js
$.treegrid.setToolbar(),E:\WF\core\treeGrid.js,692,$.button.createIcon,Javascript Call,E:\WF\core\common.js
$.treegrid.setToolbar(),E:\WF\core\treeGrid.js,707,$.button.createIcon,Javascript Call,E:\WF\core\common.js
$.treegrid.setToolbar(),E:\WF\core\treeGrid.js,742,$.button.createIcon,Javascript Call,E:\WF\core\common.js
$.treegrid.setToolbar(),E:\WF\core\treeGrid.js,763,$.button.createIcon,Javascript Call,E:\WF\core\common.js
$.treegrid.setToolbar(),E:\WF\core\treeGrid.js,778,$.button.createIcon,Javascript Call,E:\WF\core\common.js
$.treegrid.setToolbar(),E:\WF\core\treeGrid.js,792,$.button.createIcon,Javascript Call,E:\WF\core\common.js
$.treegrid.setToolbar(),E:\WF\core\treeGrid.js,810,$.button.createIcon,Javascript Call,E:\WF\core\common.js
$.treeTable.runInstance.success(),E:\WF\core\treeTable.js,24,$.appendScript,Javascript Call,E:\WF\core\common.js
$.treeWindow.createNew(),E:\WF\core\treeWindow.js,54,$.userContext.setData,Javascript Call,E:\WF\core\userContext.js
$.treeWindow.createNew(),E:\WF\core\treeWindow.js,56,$.userContext.setData,Javascript Call,E:\WF\core\userContext.js
$.treeWindow.fn.clearKeyVal(),E:\WF\core\treeWindow.js,257,$.userContext.setData,Javascript Call,E:\WF\core\userContext.js
$.treeWindow.fn.clearKeyVal(),E:\WF\core\treeWindow.js,259,$.userContext.setData,Javascript Call,E:\WF\core\userContext.js
$.treeWindow.resizeWin(),E:\WF\core\treeWindow.js,223,$.getElementHeight,Javascript Call,E:\WF\core\common.js
$.treeWindow.runInstance.success(),E:\WF\core\treeWindow.js,31,$.userContext.appendDataType,Javascript Call,E:\WF\core\userContext.js
$.wingroup.createSubFuncs.grid(),E:\WF\core\winGroup.js,83,$.page.idFunc.getWinDivID,Javascript Call,E:\WF\core\page.js
$.wingroup.createSubFuncs.normal(),E:\WF\core\winGroup.js,126,$.page.idFunc.getWinDivID,Javascript Call,E:\WF\core\page.js
$.wingroup.createSubFuncs.normal(),E:\WF\core\winGroup.js,127,$.page.idFunc.getWinDefbyWinno,Javascript Call,E:\WF\core\page.js
$.wingroup.createSubFuncs.page(),E:\WF\core\winGroup.js,154,$.page.idFunc.getWinDivID,Javascript Call,E:\WF\core\page.js
$.wingroup.createSubFuncs.page(),E:\WF\core\winGroup.js,157,_cutStr,Javascript Call,E:\WF\core\common.js
$.wingroup.createSubFuncs.page.(unnamed_function_2)(),E:\WF\core\winGroup.js,183,$.page.idFunc.getWinDivID,Javascript Call,E:\WF\core\page.js
$.wingroup.createSubFuncs.page.(unnamed_function_2)(),E:\WF\core\winGroup.js,188,$.page.createOneWin,Javascript Call,E:\WF\core\page.js
$.wingroup.sizeFuncs.getGridDivPos(),E:\WF\core\winGroup.js,340,$.page.idFunc.funcno2winno,Javascript Call,E:\WF\core\page.js
$.wingroup.sizeFuncs.getGridDivPos(),E:\WF\core\winGroup.js,341,$.page.idFunc.getBodyWinid,Javascript Call,E:\WF\core\page.js
$.wingroup.sizeFuncs.getGridDivPos(),E:\WF\core\winGroup.js,342,$.page.idFunc.getTitleid,Javascript Call,E:\WF\core\page.js
$.wingroup.sizeFuncs.resizeRealType.grid(),E:\WF\core\winGroup.js,316,$.page.idFunc.getWinDivID,Javascript Call,E:\WF\core\page.js
$.wingroup.sizeFuncs.resizeRealType.grid(),E:\WF\core\winGroup.js,319,$.page.winSize.getBtnBarHeight,Javascript Call,E:\WF\core\page.js
$.wingroup.sizeFuncs.resizeRealType.grid(),E:\WF\core\winGroup.js,320,$.page.idFunc.getTitleid,Javascript Call,E:\WF\core\page.js
$.wingroup.sizeFuncs.resizeRealType.normal(),E:\WF\core\winGroup.js,334,$.page.idFunc.funcno2winno,Javascript Call,E:\WF\core\page.js
$.wingroup.sizeFuncs.resizeRealType.normal(),E:\WF\core\winGroup.js,335,$.page.winSize.doWinsAlign,Javascript Call,E:\WF\core\page.js
$.wingroup.sizeFuncs.resizeRealType.normal(),E:\WF\core\winGroup.js,335,$.page.idFunc.getWinid,Javascript Call,E:\WF\core\page.js
$.wingroup.sizeFuncs.resizeRealType.page(),E:\WF\core\winGroup.js,268,$.page.idFunc.funcno2winno,Javascript Call,E:\WF\core\page.js
$.wingroup.sizeFuncs.resizeRealType.page(),E:\WF\core\winGroup.js,277,$.page.idFunc.getTitleid,Javascript Call,E:\WF\core\page.js
$.wingroup.sizeFuncs.resizeRealType.page(),E:\WF\core\winGroup.js,289,$.page.idFunc.getWinDivID,Javascript Call,E:\WF\core\page.js
$.wingroup.sizeFuncs.resizeRealType.page(),E:\WF\core\winGroup.js,292,$.page.winSize.getBtnBarHeight,Javascript Call,E:\WF\core\page.js
$.wingroup.sizeFuncs.resizeRealType.page(),E:\WF\core\winGroup.js,293,$.page.idFunc.getTitleid,Javascript Call,E:\WF\core\page.js
(unnamed_function_1)(),E:\WF\core\external.js,43,$.page.openExternal,Javascript Call,E:\WF\core\page.js
(unnamed_function_1).(unnamed_function_10)(),E:\WF\core\login.js,85,removeClass,Javascript Call,E:\WF\core\ext-all-dev.js
(unnamed_function_1).(unnamed_function_11)(),E:\WF\core\login.js,92,removeClass,Javascript Call,E:\WF\core\ext-all-dev.js
(unnamed_function_1).(unnamed_function_12)(),E:\WF\core\login.js,96,removeClass,Javascript Call,E:\WF\core\ext-all-dev.js
(unnamed_function_1).(unnamed_function_2)(),E:\WF\core\page.js,15,$.getBodyHeight,Javascript Call,E:\WF\core\common.js
(unnamed_function_1).(unnamed_function_2)(),E:\WF\core\page.js,24,$.getBrowserWidth,Javascript Call,E:\WF\core\common.js
(unnamed_function_1).(unnamed_function_2)(),E:\WF\core\page.js,24,$.getBrowserWidth,Javascript Call,E:\WF\core\common.js
(unnamed_function_1).(unnamed_function_9)(),E:\WF\core\login.js,81,removeClass,Javascript Call,E:\WF\core\ext-all-dev.js
(unnamed_function_1).success(),E:\WF\core\system_init.js,93,$.getElementHeight,Javascript Call,E:\WF\core\common.js
(unnamed_function_1).success(),E:\WF\core\system_init.js,97,$.getElementHeight,Javascript Call,E:\WF\core\common.js
(unnamed_function_1).success(),E:\WF\core\system_init.js,103,$.getElementHeight,Javascript Call,E:\WF\core\common.js
(unnamed_function_1).success(),E:\WF\core\system_init.js,155,$.getBodyHeight,Javascript Call,E:\WF\core\common.js
(unnamed_function_1).success(),E:\WF\core\system_init.js,164,$.getBrowserWidth,Javascript Call,E:\WF\core\common.js
(unnamed_function_1).success.leftMenuToggle.(unnamed_function_3)(),E:\WF\core\system_init.js,35,$.getCSSNum,Javascript Call,E:\WF\core\common.js
(unnamed_function_1).success.leftMenuToggle.(unnamed_function_3)(),E:\WF\core\system_init.js,36,$.getCSSNum,Javascript Call,E:\WF\core\common.js
(unnamed_function_1).success.leftMenuToggle.(unnamed_function_4)(),E:\WF\core\system_init.js,46,$.getCSSNum,Javascript Call,E:\WF\core\common.js
(unnamed_function_1).success.leftMenuToggle.(unnamed_function_4)(),E:\WF\core\system_init.js,47,$.getCSSNum,Javascript Call,E:\WF\core\common.js
(unnamed_function_1).success.leftMenuToggle.animateFin(),E:\WF\core\system_init.js,26,$.page.winSize.doWinsAlign,Javascript Call,E:\WF\core\page.js
(unnamed_function_1).success.success(),E:\WF\core\system_init.js,183,$.userContext.setData,Javascript Call,E:\WF\core\userContext.js
(unnamed_function_1).success.success(),E:\WF\core\system_init.js,189,$.userContext.setData,Javascript Call,E:\WF\core\userContext.js
(unnamed_function_1).success.success(),E:\WF\core\system_init.js,137,$.userContext.setData,Javascript Call,E:\WF\core\userContext.js
(unnamed_function_1).success.success.(unnamed_function_5)(),E:\WF\core\system_init.js,140,$.userContext.setData,Javascript Call,E:\WF\core\userContext.js
(unnamed_function_1).success.success.(unnamed_function_7).success(),E:\WF\core\system_init.js,235,$.userContext.setData,Javascript Call,E:\WF\core\userContext.js
(unnamed_function_1).success.success.(unnamed_function_7).success(),E:\WF\core\system_init.js,299,$.getDataByNowTree,Javascript Call,E:\WF\core\genAccordionMenu.js
(unnamed_function_1).success.success.(unnamed_function_7).success(),E:\WF\core\system_init.js,300,$.genAccordionMenuByAllMenus,Javascript Call,E:\WF\core\genAccordionMenu.js
(unnamed_function_1).success.success.(unnamed_function_7).success(),E:\WF\core\system_init.js,233,(unnamed_function_186).pseudos.empty,Javascript Call,E:\WF\core\ext-all.js
(unnamed_function_1).success.success.(unnamed_function_7).success(),E:\WF\core\system_init.js,236,(unnamed_function_186).pseudos.empty,Javascript Call,E:\WF\core\ext-all.js
(unnamed_function_1).success.success.(unnamed_function_7).success(),E:\WF\core\system_init.js,263,(unnamed_function_186).pseudos.empty,Javascript Call,E:\WF\core\ext-all.js
(unnamed_function_1).success.success.(unnamed_function_7).success.(unnamed_function_10)(),E:\WF\core\system_init.js,295,removeClass,Javascript Call,E:\WF\core\ext-all-dev.js
(unnamed_function_1).success.success.(unnamed_function_7).success.(unnamed_function_11)(),E:\WF\core\system_init.js,303,$.genAccordionMenuByAllMenus,Javascript Call,E:\WF\core\genAccordionMenu.js
(unnamed_function_1).success.success.(unnamed_function_7).success.(unnamed_function_11)(),E:\WF\core\system_init.js,304,removeClass,Javascript Call,E:\WF\core\ext-all-dev.js
(unnamed_function_1).success.success.(unnamed_function_7).success.(unnamed_function_9)(),E:\WF\core\system_init.js,291,removeClass,Javascript Call,E:\WF\core\ext-all-dev.js
(unnamed_function_1).success.success.(unnamed_function_7).success.success(),E:\WF\core\system_init.js,323,$.page.openExternal,Javascript Call,E:\WF\core\page.js
(unnamed_function_11).(unnamed_function_14).(unnamed_function_15)(),E:\WF\core\menu.js,280,removeClass,Javascript Call,E:\WF\core\ext-all-dev.js
(unnamed_function_11).(unnamed_function_16)(),E:\WF\core\menu.js,280,removeClass,Javascript Call,E:\WF\core\ext-all-dev.js
(unnamed_function_2).richEditor(),E:\WF\core\richEdit.js,33,$.form.initFormData,Javascript Call,E:\WF\core\form.js
(unnamed_function_2).richEditor(),E:\WF\core\richEdit.js,17,(unnamed_function_186).pseudos.empty,Javascript Call,E:\WF\core\ext-all.js
(unnamed_function_2).setContent(),E:\WF\core\richEdit.js,55,$.userContext.setData,Javascript Call,E:\WF\core\userContext.js
gridDef.beforeRequest(),E:\WF\core\grid.js,574,$.userContext.parser,Javascript Call,E:\WF\core\userContext.js
gridDef.beforeRequest(),E:\WF\core\grid.js,586,$.userContext.parser,Javascript Call,E:\WF\core\userContext.js
gridDef.beforeRequest(),E:\WF\core\grid.js,587,$.userContext.parser,Javascript Call,E:\WF\core\userContext.js
gridDef.beforeRequest(),E:\WF\core\grid.js,589,$.userContext.parser,Javascript Call,E:\WF\core\userContext.js
gridDef.beforeRequest(),E:\WF\core\treeGrid.js,574,$.userContext.parser,Javascript Call,E:\WF\core\userContext.js
gridDef.beforeRequest(),E:\WF\core\treeGrid.js,584,$.userContext.parser,Javascript Call,E:\WF\core\userContext.js
gridDef.beforeRequest(),E:\WF\core\treeGrid.js,585,$.userContext.parser,Javascript Call,E:\WF\core\userContext.js
gridDef.beforeRequest(),E:\WF\core\treeGrid.js,587,$.userContext.parser,Javascript Call,E:\WF\core\userContext.js
gridDef.beforeRequest(),E:\WF\core\treeWindow.js,195,$.userContext.parser,Javascript Call,E:\WF\core\userContext.js
gridDef.beforeRequest(),E:\WF\core\treeWindow.js,196,$.userContext.parser,Javascript Call,E:\WF\core\userContext.js
gridDef.gridComplete(),E:\WF\core\grid.js,451,$.page.winSize.adjustWindowYPosbyFunc,Javascript Call,E:\WF\core\page.js
gridDef.gridComplete(),E:\WF\core\grid.js,508,$.page.idFunc.getWinid,Javascript Call,E:\WF\core\page.js
gridDef.gridComplete(),E:\WF\core\grid.js,508,$.page.idFunc.funcno2winno,Javascript Call,E:\WF\core\page.js
gridDef.gridComplete(),E:\WF\core\grid.js,444,$.addHint,Javascript Call,E:\WF\core\common.js
gridDef.gridComplete(),E:\WF\core\treeGrid.js,451,$.page.winSize.adjustWindowYPosbyFunc,Javascript Call,E:\WF\core\page.js
gridDef.gridComplete(),E:\WF\core\treeGrid.js,508,$.page.idFunc.getWinid,Javascript Call,E:\WF\core\page.js
gridDef.gridComplete(),E:\WF\core\treeGrid.js,508,$.page.idFunc.funcno2winno,Javascript Call,E:\WF\core\page.js
gridDef.gridComplete(),E:\WF\core\treeGrid.js,444,$.addHint,Javascript Call,E:\WF\core\common.js
gridDef.gridComplete.(unnamed_function_4)(),E:\WF\core\dialogDrillGrid.js,282,$.formatNumber,Javascript Call,E:\WF\core\common.js
gridDef.onSelectRow(),E:\WF\core\grid.js,532,$.userContext.setData,Javascript Call,E:\WF\core\userContext.js
gridDef.onSelectRow(),E:\WF\core\grid.js,555,$.page.triggerBy,Javascript Call,E:\WF\core\page.js
gridDef.onSelectRow(),E:\WF\core\treeGrid.js,532,$.userContext.setData,Javascript Call,E:\WF\core\userContext.js
gridDef.onSelectRow(),E:\WF\core\treeGrid.js,555,$.page.triggerBy,Javascript Call,E:\WF\core\page.js
gridDef.onSelectRow(),E:\WF\core\treeWindow.js,166,$.userContext.setData,Javascript Call,E:\WF\core\userContext.js
gridDef.onSelectRow(),E:\WF\core\treeWindow.js,174,$.userContext.setData,Javascript Call,E:\WF\core\userContext.js
gridDef.onSelectRow(),E:\WF\core\treeWindow.js,176,$.userContext.setData,Javascript Call,E:\WF\core\userContext.js
gridDef.onSelectRow(),E:\WF\core\treeWindow.js,178,$.userContext.setData,Javascript Call,E:\WF\core\userContext.js
gridDef.onSelectRow(),E:\WF\core\treeWindow.js,179,$.userContext.setData,Javascript Call,E:\WF\core\userContext.js
gridDef.onSelectRow(),E:\WF\core\treeWindow.js,187,$.page.triggerBy,Javascript Call,E:\WF\core\page.js
insertMenuIco.(unnamed_function_2)(),E:\WF\core\leftmenu.js,222,removeClass,Javascript Call,E:\WF\core\ext-all-dev.js
insertMenuIco.(unnamed_function_3)(),E:\WF\core\leftmenu.js,226,removeClass,Javascript Call,E:\WF\core\ext-all-dev.js
