,E:.WF2.core.common_js,E:.WF2.core.drilltable_js,E:.WF2.core.htmlReport_js,E:.WF2.core.grid_js,E:.WF2.core.form_js,E:.WF2.core.drillChart_js,E:.WF2.core.driveform_js,E:.WF2.core.graph_js,E:.WF2.core.gridTurbo_js,E:.WF2.core.workflow_js,E:.WF2.core.obj3d_js,E:.WF2.core.tree_js,E:.WF2.core.geditor_js,E:.WF2.core.gisb_js,E:.WF2.core.edittable_js,E:.WF2.core.gis_js,E:.WF2.core.flashChart_js,E:.WF2.core.page_js,E:.WF2.core.changepass_js,E:.WF2.core.system_init_js,E:.WF2.core.customWin_js,E:.WF2.core.messageBox_js,E:.WF2.core.interface_js,E:.WF2.core.treeCombo_js,E:.WF2.core.printHtml_js,E:.WF2.core.ledWarning_js,E:.WF2.core.msgContent_js,E:.WF2.core.treeCheck2_js,E:.WF2.core.treeWindow_js,E:.WF2.core.treeCheck_js,E:.WF2.core.winGroup_js,E:.WF2.core.dialogDrillGrid_js,E:.WF2.core.leftmenu_js,E:.WF2.core.external_js,E:.WF2.core.login_js,E:.WF2.core.menu_js,E:.WF2.core.genAccordionMenu_js,E:.WF2.core.richEdit_js,E:.WF2.core.d3_js,E:.WF2.core.d3_layout_cloud_js,E:.WF2.core.userContext_js,E:.WF2.core.moreContent_js,E:.WF2.core.all_js,E:.WF2.core.condTester_js,E:.WF2.core.menuV_js
E:.WF2.core.common_js,104,0,15,0,4,6,0,5,0,5,0,2,0,0,0,0,0,20,0,9,0,0,0,0,0,0,0,0,0,0,32,0,0,6,0,4,0,0,55,1,3,0,1,0,0
E:.WF2.core.drilltable_js,66,277,21,13,47,24,10,32,7,32,11,11,7,6,5,10,14,19,0,0,10,10,0,10,11,23,6,7,11,10,13,1,0,9,0,42,0,0,579,12,12,0,241,0,0
E:.WF2.core.htmlReport_js,29,21,70,17,58,18,13,30,14,30,20,15,14,9,17,18,15,13,0,0,13,13,0,18,15,20,9,14,20,18,20,2,0,5,0,12,0,0,113,11,8,0,0,0,0
E:.WF2.core.grid_js,106,7,14,246,58,29,7,15,11,15,10,24,11,7,50,10,7,54,0,0,10,7,0,10,7,21,10,8,13,10,370,12,0,22,0,31,0,0,325,16,76,3,90,0,0
E:.WF2.core.form_js,74,13,19,46,278,11,12,38,15,38,17,20,17,11,14,15,13,53,0,0,13,12,0,17,14,25,11,18,19,16,99,29,0,0,0,24,0,3,389,10,40,0,40,1,0
E:.WF2.core.drillChart_js,9,15,11,12,25,68,9,16,11,16,12,10,11,8,8,9,12,6,0,0,9,9,0,9,12,20,8,11,12,9,16,0,0,4,0,13,0,0,106,0,3,0,49,0,0
E:.WF2.core.driveform_js,12,8,5,8,19,8,16,8,5,8,8,8,5,5,4,8,8,5,0,0,8,9,0,8,9,16,5,5,8,8,10,0,0,0,0,9,0,0,13,1,6,0,11,0,0
E:.WF2.core.graph_js,16,10,13,10,29,9,9,101,10,41,12,13,10,9,6,13,9,5,0,0,9,9,0,12,9,20,8,10,12,12,16,0,0,0,0,9,0,0,39,1,14,0,21,0,0
E:.WF2.core.gridTurbo_js,2,6,8,9,18,5,5,8,8,8,8,6,8,4,5,7,6,2,0,0,7,5,0,7,6,12,6,6,8,7,22,0,0,0,0,4,0,0,0,0,2,0,3,0,0
E:.WF2.core.workflow_js,23,10,13,10,28,9,9,37,10,84,12,18,10,9,6,13,9,10,0,0,9,9,0,12,9,20,8,10,12,12,16,0,0,0,0,9,0,0,33,0,25,0,42,0,0
E:.WF2.core.obj3d_js,4,9,17,14,36,9,9,14,12,14,19,19,12,12,10,14,9,3,0,0,9,9,0,14,9,26,12,12,14,14,18,0,0,0,0,13,0,0,1,0,8,0,12,0,0
E:.WF2.core.tree_js,7,11,18,13,41,9,8,14,11,14,13,30,11,11,7,13,8,3,0,0,8,8,0,13,8,25,11,11,13,15,15,0,0,1,0,13,0,0,41,6,11,0,4,0,0
E:.WF2.core.geditor_js,4,6,8,9,18,7,5,8,8,8,8,6,8,4,6,7,6,4,0,0,7,5,0,7,6,12,6,6,8,7,26,0,0,2,0,4,0,0,1,0,1,0,3,0,0
E:.WF2.core.gisb_js,6,5,7,11,17,5,5,8,5,8,7,7,5,12,5,9,5,1,0,0,5,5,0,7,5,11,5,5,7,7,7,0,0,0,0,5,0,0,11,1,3,0,11,0,0
E:.WF2.core.edittable_js,30,10,13,13,44,11,10,14,10,14,18,23,10,9,120,13,10,6,0,0,10,10,0,13,10,25,9,10,13,13,19,4,0,1,0,18,0,0,186,0,31,0,109,0,0
E:.WF2.core.gis_js,15,9,13,10,32,8,7,10,8,10,10,14,8,15,6,58,7,8,0,1,7,7,0,10,7,19,8,8,10,10,12,1,0,1,0,11,0,3,49,0,21,0,37,0,0
E:.WF2.core.flashChart_js,9,11,5,8,19,10,8,17,5,17,8,9,5,5,3,8,17,5,0,0,8,8,0,8,8,18,5,5,8,8,10,0,0,2,0,10,0,0,15,0,5,0,12,0,0
E:.WF2.core.page_js,59,11,11,6,53,23,7,19,11,19,11,10,12,1,6,7,11,214,0,0,8,7,0,8,11,11,1,12,12,7,614,0,0,16,0,12,0,0,95,3,34,0,4,0,0
E:.WF2.core.changepass_js,0,0,0,0,0,0,0,0,0,0,0,1,0,0,0,0,0,0,3,0,0,0,0,0,0,0,0,0,0,0,0,0,0,0,0,0,0,0,6,0,1,0,0,0,0
E:.WF2.core.system_init_js,10,0,0,0,10,3,0,1,0,1,0,2,0,0,0,0,0,8,0,14,1,1,0,0,0,0,0,0,0,0,50,0,0,3,0,2,3,0,22,2,7,0,0,0,0
E:.WF2.core.customWin_js,10,8,18,14,39,12,8,14,12,14,14,15,12,12,8,14,8,7,0,0,14,11,0,14,8,26,12,12,14,14,14,0,0,4,0,12,0,0,13,0,2,0,2,1,0
E:.WF2.core.messageBox_js,6,9,6,9,28,10,11,11,6,11,9,10,6,6,3,9,9,9,0,0,11,24,0,9,13,21,6,6,9,9,21,0,0,1,0,12,0,0,13,0,4,0,1,1,0
E:.WF2.core.interface_js,10,2,2,0,5,0,0,4,0,4,0,4,0,0,0,0,0,6,0,1,1,1,14,0,0,1,0,0,0,0,10,1,0,0,0,0,0,0,53,9,8,0,1,0,0
E:.WF2.core.treeCombo_js,5,4,8,7,22,6,4,7,5,7,7,8,5,5,5,7,4,4,0,0,4,4,0,21,4,11,5,5,9,7,9,0,0,2,0,4,0,0,7,1,11,0,0,0,0
E:.WF2.core.printHtml_js,9,9,6,9,23,9,10,10,6,10,9,11,6,6,3,9,9,1,0,0,9,11,0,9,27,21,6,6,9,9,9,0,0,0,0,12,0,0,22,0,3,0,5,0,0
E:.WF2.core.ledWarning_js,10,7,14,11,37,11,7,13,10,13,11,11,10,10,5,11,7,6,0,0,7,7,0,11,7,54,10,10,11,11,11,3,0,4,0,18,0,0,90,11,0,0,0,0,0
E:.WF2.core.msgContent_js,7,6,12,10,30,9,6,12,8,12,10,10,8,8,8,10,6,4,0,0,6,6,0,10,6,18,25,8,10,10,12,2,0,2,0,11,0,0,14,1,3,0,44,0,0
E:.WF2.core.treeCheck2_js,3,5,12,9,27,7,5,9,8,9,9,11,8,8,5,9,5,3,0,0,5,5,0,9,5,17,8,19,9,12,9,0,0,2,0,8,0,0,12,0,6,0,0,0,0
E:.WF2.core.treeWindow_js,8,7,15,12,34,8,7,12,10,12,12,13,10,10,7,12,7,3,0,0,7,7,0,14,7,22,10,10,32,12,16,0,0,1,0,10,0,0,5,0,13,0,6,0,0
E:.WF2.core.treeCheck_js,1,6,10,9,25,6,6,9,7,9,9,9,7,7,5,9,6,0,0,0,6,6,0,9,6,17,7,7,9,17,9,0,0,0,0,10,0,0,5,1,5,0,0,0,0
E:.WF2.core.winGroup_js,8,9,19,15,42,9,8,16,13,16,15,15,13,12,11,14,9,30,0,0,8,8,0,14,9,27,12,13,15,14,89,2,0,1,0,12,0,0,18,1,2,0,36,0,0
E:.WF2.core.dialogDrillGrid_js,12,0,1,2,2,0,0,1,0,1,0,2,0,0,2,0,0,0,0,0,0,0,0,0,0,3,0,0,1,0,2,25,0,0,0,1,0,0,31,1,5,1,0,0,0
E:.WF2.core.leftmenu_js,3,0,0,0,0,3,0,3,0,3,0,0,0,0,0,0,0,5,0,0,0,0,0,0,0,0,0,0,0,0,0,0,20,3,0,3,0,0,7,3,0,0,0,0,0
E:.WF2.core.external_js,3,0,0,0,0,1,0,0,0,0,0,1,0,0,0,0,0,2,0,0,0,0,0,0,0,0,0,0,0,0,6,0,0,5,0,0,0,0,11,0,1,0,0,0,0
E:.WF2.core.login_js,7,0,0,0,0,7,0,0,0,0,0,0,0,0,0,0,0,14,0,0,0,0,0,0,0,0,0,0,0,0,0,0,0,7,17,4,0,0,8,0,0,0,0,0,0
E:.WF2.core.menu_js,0,0,0,0,0,0,0,0,0,0,0,0,0,0,0,0,0,0,0,0,0,0,0,0,0,0,0,0,0,0,0,0,0,0,0,39,0,0,8,2,0,0,0,0,0
E:.WF2.core.genAccordionMenu_js,0,0,0,0,0,0,0,4,0,4,0,0,0,0,0,0,0,0,0,0,0,0,0,0,0,0,0,0,0,0,0,0,0,0,0,4,8,0,15,6,0,0,0,0,0
E:.WF2.core.richEdit_js,7,0,5,0,0,0,0,1,0,1,0,0,0,0,0,0,0,0,0,3,0,0,0,0,0,0,0,0,0,0,0,0,0,0,0,1,0,1,17,0,3,0,0,0,0
E:.WF2.core.d3_js,24,0,0,0,7,0,0,1,0,1,0,0,0,0,0,0,0,2,0,0,0,0,0,0,0,0,0,0,0,0,0,0,0,0,0,2,0,0,995,2,0,0,27,0,0
E:.WF2.core.d3_layout_cloud_js,0,0,0,0,5,0,0,5,0,5,0,0,0,0,0,0,0,0,0,0,0,0,0,0,0,0,0,0,0,0,0,0,0,0,0,0,0,0,75,46,0,0,0,0,0
E:.WF2.core.userContext_js,12,0,0,0,0,0,0,0,0,0,0,9,0,0,0,0,0,6,0,0,0,0,0,0,0,0,0,0,0,0,0,0,0,0,0,0,0,0,8,0,21,0,0,0,0
E:.WF2.core.moreContent_js,1,0,0,0,0,0,0,0,0,0,0,0,0,0,0,0,0,0,0,0,0,0,0,0,0,0,0,0,0,0,0,0,0,0,0,0,0,0,1,0,0,6,0,0,0
E:.WF2.core.all_js,1,0,0,0,0,0,0,0,0,0,0,0,0,0,0,0,0,2,0,0,0,0,0,0,0,0,0,0,0,0,0,0,0,0,0,0,0,0,2,0,0,0,112,0,0
E:.WF2.core.condTester_js,0,0,0,0,0,0,0,0,0,0,0,0,0,0,0,0,0,0,0,0,0,0,0,0,0,0,0,0,0,0,0,0,0,0,0,0,0,0,0,0,0,0,0,0,0
E:.WF2.core.menuV_js,0,0,0,0,0,0,0,0,0,0,0,0,0,0,0,0,0,0,0,0,0,0,0,0,0,0,0,0,0,0,0,0,0,0,0,0,0,0,8,0,0,0,0,0,3
