,E:.WF.core.common_js,E:.WF.core.drillChart_js,E:.WF.core.grid_js,E:.WF.core.form_js,E:.WF.core.drilltable_js,E:.WF.core.driveform_js,E:.WF.core.htmlReport_js,E:.WF.core.treeGrid_js,E:.WF.core.page_js,E:.WF.core.treeTable_js,E:.WF.core.graph_js,E:.WF.core.geditor_js,E:.WF.core.gis_js,E:.WF.core.editGrid_js,E:.WF.core.tree_js,E:.WF.core.obj3d_js,E:.WF.core.edittable_js,E:.WF.core.ext-all-dev_js,E:.WF.core.ext-all_js,E:.WF.core.container_js,E:.WF.core.winGroup_js,E:.WF.core.freeReport_js,E:.WF.core.ledWarning_js,E:.WF.core.progressbar_js,E:.WF.core.msgContent_js,E:.WF.core.treeCombo_js,E:.WF.core.printHtml_js,E:.WF.core.treeCheck2_js,E:.WF.core.treeWindow_js,E:.WF.core.customWin_js,E:.WF.core.treeCheck_js,E:.WF.core.messageBox_js,E:.WF.core.external_js,E:.WF.core.system_init_js,E:.WF.core.dialogDrillGrid_js,E:.WF.core.leftmenu_js,E:.WF.core.login_js,E:.WF.core.exploreCond_js,E:.WF.core.menu_js,E:.WF.core.genAccordionMenu_js,E:.WF.core.richEdit_js,E:.WF.core.moreContent_js,E:.WF.core.userContext_js,E:.WF.core.condTester_js,E:.WF.core.menuV_js,E:.WF.core.all-2_js,E:.WF.core.all_js
E:.WF.core.common_js,95,4,1,6,0,0,0,1,23,0,5,0,0,0,3,0,0,376,373,52,52,0,0,0,13,0,2,0,0,0,0,0,4,4,1,0,0,0,3,0,0,0,12,3,0,0,0
E:.WF.core.drillChart_js,9,68,12,21,15,9,12,12,9,9,16,11,12,8,13,12,8,418,414,14,14,5,20,9,22,9,9,12,12,9,9,9,4,4,0,0,0,0,13,0,0,0,3,0,0,0,0
E:.WF.core.grid_js,53,25,148,45,7,7,18,84,36,10,18,12,11,9,16,11,9,2305,2303,248,248,3,22,7,34,11,7,11,14,10,11,7,18,18,7,0,0,0,24,0,0,3,38,1,0,0,0
E:.WF.core.form_js,36,10,43,187,12,11,18,43,30,12,33,14,15,13,18,15,13,961,968,70,70,6,23,10,36,14,14,18,16,12,13,11,0,0,27,0,0,0,17,0,3,0,25,1,0,0,0
E:.WF.core.drilltable_js,66,24,20,41,277,10,25,20,18,10,32,7,11,5,14,11,5,1875,1856,13,13,4,23,10,36,10,10,11,11,10,10,10,9,9,1,0,0,0,42,0,0,0,12,0,0,0,0
E:.WF.core.driveform_js,5,7,7,13,7,12,7,7,1,7,7,5,7,3,7,7,3,53,55,9,9,3,15,7,10,7,11,7,7,7,7,8,0,0,0,0,0,0,9,0,0,0,4,0,0,0,0
E:.WF.core.htmlReport_js,27,20,22,59,24,15,83,22,11,17,32,16,22,20,27,22,20,550,542,22,22,13,26,15,39,20,15,22,22,15,20,15,5,5,2,0,0,0,16,0,0,0,12,0,0,0,0
E:.WF.core.treeGrid_js,53,25,84,45,7,7,18,148,36,10,18,12,11,9,16,11,9,2305,2303,246,246,3,22,7,34,11,7,11,14,10,11,7,18,18,7,0,0,0,24,0,0,3,38,1,0,0,0
E:.WF.core.page_js,52,21,16,50,15,7,15,16,186,1,22,16,15,16,16,15,16,934,924,420,423,7,15,7,48,8,7,16,16,8,7,7,14,14,0,0,0,3,12,0,0,0,16,2,0,0,0
E:.WF.core.treeTable_js,1,4,6,13,4,4,8,6,0,6,6,4,6,4,6,6,4,3,3,6,6,2,10,4,9,6,4,6,6,4,6,4,0,0,0,0,0,0,4,0,0,0,0,0,0,0,0
E:.WF.core.graph_js,3,9,12,23,10,9,15,12,4,10,97,10,13,8,12,12,8,373,375,16,16,5,20,9,16,12,9,12,12,9,12,9,0,0,0,0,0,0,9,0,0,0,3,0,0,0,0
E:.WF.core.geditor_js,3,7,10,15,6,5,10,10,4,6,8,8,8,6,8,8,6,46,44,22,22,3,12,5,13,7,5,8,8,7,7,5,2,2,0,0,0,0,4,0,0,0,1,0,0,0,0
E:.WF.core.gis_js,2,8,10,19,7,7,13,10,5,10,10,8,39,6,10,10,6,176,178,14,14,3,18,7,13,10,7,10,10,7,10,7,1,1,0,0,0,0,11,0,1,0,0,0,0,0,0
E:.WF.core.editGrid_js,11,6,11,18,5,5,9,11,1,7,7,4,7,24,16,7,18,100,102,8,8,3,11,5,15,7,5,7,7,5,7,5,1,1,1,0,0,0,7,0,0,0,25,0,0,0,0
E:.WF.core.tree_js,6,9,9,27,8,6,13,9,4,9,10,7,9,5,30,9,5,136,130,11,11,2,17,6,16,9,6,9,9,6,11,6,3,3,0,0,0,0,9,0,0,0,12,0,0,0,0
E:.WF.core.obj3d_js,1,7,10,20,7,7,13,10,0,10,10,8,10,7,10,12,7,51,53,10,10,3,18,7,14,10,7,10,10,7,10,7,0,0,0,0,0,0,9,0,0,0,0,0,0,0,0
E:.WF.core.edittable_js,34,13,18,52,12,12,22,18,3,16,18,14,17,58,29,22,132,612,623,23,23,4,33,12,44,17,12,17,17,12,17,12,1,1,4,0,0,0,22,0,0,0,32,0,0,0,0
E:.WF.core.ext-all-dev_js,791,199,210,386,353,162,243,210,499,39,515,69,69,177,168,123,247,69070,65442,203,211,102,151,105,106,105,69,105,69,227,69,159,166,334,4,0,28,0,8,0,0,0,7,83,8,0,0
E:.WF.core.ext-all_js,747,194,200,375,318,157,223,200,484,34,509,64,64,167,153,118,227,65373,68848,198,206,92,136,95,101,95,64,95,64,212,64,149,161,314,4,0,28,0,8,0,0,0,7,82,8,0,0
E:.WF.core.container_js,3,9,16,30,12,8,20,16,7,12,16,14,16,13,16,16,13,53,52,37,28,4,26,8,23,12,8,16,16,8,12,8,1,1,3,0,0,0,8,0,0,0,0,0,0,0,0
E:.WF.core.winGroup_js,2,9,18,38,12,8,24,18,25,14,19,16,18,14,18,18,14,138,137,77,80,2,30,8,28,14,8,18,18,8,14,8,1,1,2,0,0,0,12,0,0,0,0,0,0,0,0
E:.WF.core.freeReport_js,1,3,3,7,3,3,3,3,0,3,4,0,3,3,4,3,3,37,38,3,3,4,3,3,7,3,3,3,3,3,3,3,0,0,0,0,0,0,0,0,0,0,1,0,0,0,0
E:.WF.core.ledWarning_js,6,11,11,31,7,7,15,11,5,11,13,10,11,5,11,11,5,284,283,13,11,1,55,7,12,11,7,11,11,7,11,7,4,4,3,0,0,0,18,0,0,0,0,0,0,0,0
E:.WF.core.progressbar_js,0,6,6,10,6,6,6,6,1,5,6,3,6,4,6,6,4,13,13,6,6,4,10,6,10,6,6,6,6,6,6,6,0,0,0,0,0,0,4,0,0,0,0,0,0,0,0
E:.WF.core.msgContent_js,2,9,11,25,7,7,15,11,3,11,15,8,11,9,11,11,9,135,133,17,17,3,19,7,65,11,7,11,11,7,11,7,1,1,2,0,0,0,12,0,0,0,3,0,0,0,0
E:.WF.core.treeCombo_js,4,6,7,19,4,4,10,7,3,7,7,5,7,5,8,7,5,371,369,9,9,2,11,4,12,21,4,7,9,4,7,4,2,2,0,0,0,0,4,0,0,0,11,0,0,0,0
E:.WF.core.printHtml_js,1,9,9,14,9,10,9,9,0,9,9,6,9,3,9,9,3,71,74,9,9,3,21,9,15,9,29,9,9,10,9,11,0,0,0,0,0,0,12,0,0,0,1,0,0,0,0
E:.WF.core.treeCheck2_js,2,10,12,26,8,8,16,12,2,12,12,10,12,6,12,12,6,358,357,12,12,2,24,8,16,12,8,28,12,8,15,8,2,2,0,0,0,0,12,0,0,0,4,0,0,0,0
E:.WF.core.treeWindow_js,5,6,8,20,5,5,11,8,2,8,8,6,8,5,9,8,5,525,525,12,12,2,14,5,14,10,5,8,35,5,8,5,1,1,0,0,0,0,6,0,0,0,13,0,0,0,0
E:.WF.core.customWin_js,10,10,10,23,6,6,14,10,5,10,10,8,10,6,12,10,6,99,97,10,10,2,18,6,18,10,6,10,10,19,10,9,4,4,0,0,0,0,8,0,0,0,3,1,0,0,0
E:.WF.core.treeCheck_js,1,6,9,21,6,6,12,9,0,9,9,7,9,5,9,9,5,20,21,9,9,2,17,6,14,9,6,9,9,6,17,6,0,0,0,0,0,0,10,0,0,0,5,0,0,0,0
E:.WF.core.messageBox_js,4,10,9,21,9,11,9,9,5,9,11,6,9,3,9,9,3,85,85,17,17,3,21,9,20,9,13,9,9,12,9,23,1,1,0,0,0,0,12,0,0,0,2,2,0,0,0
E:.WF.core.external_js,3,1,0,0,0,0,0,0,2,0,0,0,0,0,1,0,0,54,53,6,6,0,0,0,0,0,0,0,0,0,0,0,5,1,0,0,0,0,0,0,0,0,1,0,0,0,0
E:.WF.core.system_init_js,15,3,0,5,0,0,0,0,8,0,1,0,0,0,3,0,0,206,203,46,46,0,0,0,6,0,0,0,0,1,0,1,3,20,0,0,0,0,2,3,0,0,8,0,0,0,0
E:.WF.core.dialogDrillGrid_js,12,0,2,2,0,0,1,2,0,0,1,0,0,2,2,0,2,166,167,4,2,0,4,0,2,0,0,0,1,0,0,0,0,0,25,0,0,0,1,0,0,1,4,0,0,0,0
E:.WF.core.leftmenu_js,3,3,0,0,0,0,0,0,5,0,3,0,0,0,0,0,0,129,125,0,0,0,0,0,0,0,0,0,0,0,0,0,3,3,0,20,0,0,3,0,0,0,0,0,0,0,0
E:.WF.core.login_js,7,7,0,0,0,0,0,0,14,0,0,0,0,0,0,0,0,300,289,0,0,0,0,0,3,0,0,0,0,0,0,0,7,7,0,0,17,0,4,0,0,0,0,0,0,0,0
E:.WF.core.exploreCond_js,0,0,0,0,0,0,0,0,0,0,0,0,0,0,0,0,0,0,0,0,0,0,0,0,0,0,0,0,0,0,0,0,0,0,0,0,0,0,0,0,0,0,0,0,0,0,0
E:.WF.core.menu_js,0,0,0,0,0,0,0,0,0,0,0,0,0,0,0,0,0,393,393,0,0,0,0,0,0,0,0,0,0,0,0,0,0,0,0,0,0,0,42,0,0,0,0,0,0,0,0
E:.WF.core.genAccordionMenu_js,0,0,0,0,0,0,0,0,0,0,4,0,0,0,0,0,0,74,78,0,0,0,0,0,0,0,0,0,0,0,0,0,0,0,0,0,0,0,4,8,0,0,0,0,0,0,0
E:.WF.core.richEdit_js,0,0,0,1,0,0,0,0,0,0,1,0,0,0,0,0,0,67,68,0,0,0,0,0,1,0,0,0,0,0,0,0,0,0,0,0,0,0,1,0,1,0,2,0,0,0,0
E:.WF.core.moreContent_js,1,0,0,0,0,0,0,0,0,0,0,0,0,0,0,0,0,12,13,0,0,0,0,0,0,0,0,0,0,0,0,0,0,0,0,0,0,0,0,0,0,6,0,0,0,0,0
E:.WF.core.userContext_js,6,0,0,0,0,0,0,0,0,0,0,0,0,0,6,0,0,51,51,0,0,0,0,0,0,0,0,0,0,0,0,0,0,0,0,0,0,0,0,0,0,0,18,0,0,0,0
E:.WF.core.condTester_js,0,0,0,0,0,0,0,0,0,0,0,0,0,0,0,0,0,6,6,0,0,0,0,0,0,0,0,0,0,0,0,0,0,0,0,0,0,0,0,0,0,0,0,1,0,0,0
E:.WF.core.menuV_js,0,0,0,0,0,0,0,0,0,0,0,0,0,0,0,0,0,4,4,0,0,0,0,0,0,0,0,0,0,0,0,0,0,0,0,0,0,0,0,0,0,0,0,0,3,0,0
E:.WF.core.all-2_js,0,0,0,0,0,0,0,0,0,0,0,0,0,0,0,0,0,126,126,0,0,0,0,0,0,0,0,0,0,0,0,0,0,0,0,0,0,0,0,0,0,0,0,0,0,0,0
E:.WF.core.all_js,0,0,0,0,0,0,0,0,0,0,0,0,0,0,0,0,0,276,276,0,0,0,0,0,0,0,0,0,0,0,0,0,0,0,0,0,0,0,0,0,0,0,0,0,0,0,0
