,E:.研究.wf2_move.all_js,E:.研究.wf2_move.changepass_js,E:.研究.wf2_move.common_js,E:.研究.wf2_move.condTester_js,E:.研究.wf2_move.customWin_js,E:.研究.wf2_move.d3_js,E:.研究.wf2_move.d3_layout_cloud_js,E:.研究.wf2_move.dialogDrillGrid_js,E:.研究.wf2_move.drillChart_js,E:.研究.wf2_move.drilltable_js,E:.研究.wf2_move.driveform_js,E:.研究.wf2_move.edittable_js,E:.研究.wf2_move.external_js,E:.研究.wf2_move.flashChart_js,E:.研究.wf2_move.form_js,E:.研究.wf2_move.geditor_js,E:.研究.wf2_move.genAccordionMenu_js,E:.研究.wf2_move.gis_js,E:.研究.wf2_move.gisb_js,E:.研究.wf2_move.graph_js,E:.研究.wf2_move.grid_js,E:.研究.wf2_move.gridTurbo_js,E:.研究.wf2_move.htmlReport_js,E:.研究.wf2_move.interface_js,E:.研究.wf2_move.ledWarning_js,E:.研究.wf2_move.leftmenu_js,E:.研究.wf2_move.login_js,E:.研究.wf2_move.menu_js,E:.研究.wf2_move.menuV_js,E:.研究.wf2_move.messageBox_js,E:.研究.wf2_move.moreContent_js,E:.研究.wf2_move.msgContent_js,E:.研究.wf2_move.obj3d_js,E:.研究.wf2_move.page_js,E:.研究.wf2_move.printHtml_js,E:.研究.wf2_move.richEdit_js,E:.研究.wf2_move.system_init_js,E:.研究.wf2_move.tree_js,E:.研究.wf2_move.treeCheck_js,E:.研究.wf2_move.treeCheck2_js,E:.研究.wf2_move.treeCombo_js,E:.研究.wf2_move.treeWindow_js,E:.研究.wf2_move.userContext_js,E:.研究.wf2_move.winGroup_js,E:.研究.wf2_move.workflow_js
E:.研究.wf2_move.all_js,112,0,1,0,0,2,0,0,0,0,0,0,0,0,0,0,0,0,0,0,0,0,0,0,0,0,0,0,0,0,0,0,0,2,0,0,0,0,0,0,0,0,0,0,0
E:.研究.wf2_move.changepass_js,0,3,0,0,0,6,0,0,0,0,0,0,0,0,0,0,0,0,0,0,0,0,0,0,0,0,0,0,0,0,0,0,0,0,0,0,0,1,0,0,0,0,1,0,0
E:.研究.wf2_move.common_js,1,0,119,0,0,52,1,0,6,0,0,0,6,0,2,0,0,0,0,6,0,0,15,0,0,0,0,1,0,0,0,0,0,13,0,0,9,1,0,0,0,0,2,16,6
E:.研究.wf2_move.condTester_js,0,0,0,0,0,0,0,0,0,0,0,0,0,0,0,0,0,0,0,0,0,0,0,0,0,0,0,0,0,0,0,0,0,0,0,0,0,0,0,0,0,0,0,0,0
E:.研究.wf2_move.customWin_js,2,0,10,1,14,13,0,0,12,8,8,8,4,8,39,12,0,14,12,14,14,12,18,0,26,0,0,12,0,11,0,12,14,7,8,0,0,15,14,12,14,14,2,14,14
E:.研究.wf2_move.d3_js,27,0,24,0,0,995,2,0,0,0,0,0,0,0,7,0,0,0,0,1,0,0,0,0,0,0,0,2,0,0,0,0,0,2,0,0,0,0,0,0,0,0,0,0,1
E:.研究.wf2_move.d3_layout_cloud_js,0,0,0,0,0,75,46,0,0,0,0,0,0,0,5,0,0,0,0,5,0,0,0,0,0,0,0,0,0,0,0,0,0,0,0,0,0,0,0,0,0,0,0,0,5
E:.研究.wf2_move.dialogDrillGrid_js,0,0,12,0,0,31,1,25,0,0,0,2,0,0,2,0,0,0,0,1,2,0,1,0,3,0,0,1,0,0,1,0,0,0,0,0,0,2,0,0,0,1,5,2,1
E:.研究.wf2_move.drillChart_js,49,0,9,0,9,106,0,0,68,15,9,8,4,12,25,11,0,9,8,16,12,11,11,0,20,0,0,13,0,9,0,8,12,6,12,0,0,10,9,11,9,12,3,16,16
E:.研究.wf2_move.drilltable_js,241,0,66,0,10,579,12,1,24,277,10,5,9,14,47,7,0,10,6,32,13,7,21,0,23,0,0,42,0,10,0,6,11,19,11,0,0,11,10,7,10,11,12,13,32
E:.研究.wf2_move.driveform_js,11,0,12,0,8,13,1,0,8,8,16,4,0,8,19,5,0,8,5,8,8,5,5,0,16,0,0,9,0,9,0,5,8,5,9,0,0,8,8,5,8,8,6,10,8
E:.研究.wf2_move.edittable_js,109,0,32,0,10,186,0,4,11,10,10,120,1,10,44,10,0,13,9,14,13,10,13,0,25,0,0,18,0,10,0,9,18,12,10,0,0,23,13,10,13,13,31,19,14
E:.研究.wf2_move.external_js,0,0,3,0,0,11,0,0,1,0,0,0,5,0,0,0,0,0,0,0,0,0,0,0,0,0,0,0,0,0,0,0,0,2,0,0,0,1,0,0,0,0,1,6,0
E:.研究.wf2_move.flashChart_js,12,0,9,0,8,15,0,0,10,11,8,3,2,17,19,5,0,8,5,17,8,5,5,0,18,0,0,10,0,8,0,5,8,5,8,0,0,9,8,5,8,8,5,10,17
E:.研究.wf2_move.form_js,40,0,75,1,13,389,10,29,11,13,12,14,0,13,278,17,0,15,11,38,46,15,19,0,25,0,0,24,0,12,0,11,17,57,14,3,0,20,16,18,17,19,40,99,38
E:.研究.wf2_move.geditor_js,3,0,4,0,7,1,0,0,7,6,5,6,2,6,18,8,0,7,4,8,9,8,8,0,12,0,0,4,0,5,0,6,8,4,6,0,0,6,7,6,7,8,1,26,8
E:.研究.wf2_move.genAccordionMenu_js,0,0,0,0,0,15,6,0,0,0,0,0,0,0,0,0,8,0,0,4,0,0,0,0,0,0,0,4,0,0,0,0,0,0,0,0,0,0,0,0,0,0,0,0,4
E:.研究.wf2_move.gis_js,37,0,15,0,7,49,0,1,8,9,7,6,1,7,32,8,0,58,15,10,10,8,13,0,19,0,0,11,0,7,0,8,10,8,7,3,1,14,10,8,10,10,21,12,10
E:.研究.wf2_move.gisb_js,11,0,6,0,5,11,1,0,5,5,5,5,0,5,17,5,0,9,12,8,11,5,7,0,11,0,0,5,0,5,0,5,7,1,5,0,0,7,7,5,7,7,3,7,8
E:.研究.wf2_move.graph_js,21,0,16,0,9,39,1,0,9,10,9,6,0,9,29,10,0,13,9,101,10,10,13,0,20,0,0,9,0,9,0,8,12,5,9,0,0,13,12,10,12,12,14,16,41
E:.研究.wf2_move.grid_js,90,0,88,0,10,325,16,12,29,7,7,50,22,7,60,11,0,10,7,15,246,11,14,0,21,0,0,31,0,7,3,10,10,75,7,0,0,24,10,8,10,13,76,374,15
E:.研究.wf2_move.gridTurbo_js,3,0,2,0,7,0,0,0,5,6,5,5,0,6,18,8,0,7,4,8,9,8,8,0,12,0,0,4,0,5,0,6,8,2,6,0,0,6,7,6,7,8,2,22,8
E:.研究.wf2_move.htmlReport_js,0,0,31,0,13,113,11,2,18,21,13,17,5,15,58,14,0,18,9,30,17,14,70,0,20,0,0,12,0,13,0,9,20,13,15,0,0,15,18,14,18,20,8,20,30
E:.研究.wf2_move.interface_js,1,0,10,0,1,53,9,1,0,2,0,0,0,0,5,0,0,0,0,4,0,0,2,14,1,0,0,0,0,1,0,0,0,6,0,0,1,4,0,0,0,0,8,10,4
E:.研究.wf2_move.ledWarning_js,0,0,10,0,7,90,11,3,11,7,7,5,4,7,37,10,0,11,10,13,11,10,14,0,54,0,0,18,0,7,0,10,11,6,7,0,0,11,11,10,11,11,0,11,13
E:.研究.wf2_move.leftmenu_js,0,0,3,0,0,7,3,0,3,0,0,0,3,0,0,0,0,0,0,3,0,0,0,0,0,20,0,3,0,0,0,0,0,5,0,0,0,0,0,0,0,0,0,0,3
E:.研究.wf2_move.login_js,0,0,7,0,0,8,0,0,7,0,0,0,7,0,0,0,0,0,0,0,0,0,0,0,0,0,17,4,0,0,0,0,0,14,0,0,0,0,0,0,0,0,0,0,0
E:.研究.wf2_move.menu_js,0,0,0,0,0,8,2,0,0,0,0,0,0,0,0,0,0,0,0,0,0,0,0,0,0,0,0,39,0,0,0,0,0,0,0,0,0,0,0,0,0,0,0,0,0
E:.研究.wf2_move.menuV_js,0,0,0,0,0,8,0,0,0,0,0,0,0,0,0,0,0,0,0,0,0,0,0,0,0,0,0,0,3,0,0,0,0,0,0,0,0,0,0,0,0,0,0,0,0
E:.研究.wf2_move.messageBox_js,1,0,6,1,11,13,0,0,10,9,11,3,1,9,28,6,0,9,6,11,9,6,6,0,21,0,0,12,0,24,0,6,9,9,13,0,0,10,9,6,9,9,4,21,11
E:.研究.wf2_move.moreContent_js,0,0,1,0,0,1,0,0,0,0,0,0,0,0,0,0,0,0,0,0,0,0,0,0,0,0,0,0,0,0,6,0,0,0,0,0,0,0,0,0,0,0,0,0,0
E:.研究.wf2_move.msgContent_js,44,0,7,0,6,14,1,2,9,6,6,8,2,6,30,8,0,10,8,12,10,8,12,0,18,0,0,11,0,6,0,25,10,4,6,0,0,10,10,8,10,10,3,12,12
E:.研究.wf2_move.obj3d_js,12,0,4,0,9,1,0,0,9,9,9,10,0,9,36,12,0,14,12,14,14,12,17,0,26,0,0,13,0,9,0,12,19,3,9,0,0,19,14,12,14,14,8,18,14
E:.研究.wf2_move.page_js,4,0,63,0,7,101,4,0,21,10,6,6,15,10,51,11,0,6,1,18,6,10,10,0,10,0,0,15,0,6,0,1,10,223,10,0,0,9,6,11,7,11,31,597,18
E:.研究.wf2_move.printHtml_js,5,0,9,0,9,22,0,0,9,9,10,3,0,9,23,6,0,9,6,10,9,6,6,0,21,0,0,12,0,11,0,6,9,1,27,0,0,11,9,6,9,9,3,9,10
E:.研究.wf2_move.richEdit_js,0,0,7,0,0,17,0,0,0,0,0,0,0,0,0,0,0,0,0,1,0,0,5,0,0,0,0,1,0,0,0,0,0,0,0,1,3,0,0,0,0,0,3,0,1
E:.研究.wf2_move.system_init_js,0,0,16,0,1,23,2,0,3,0,0,0,3,0,10,0,3,0,0,1,0,0,0,0,0,0,0,2,0,1,0,0,0,9,0,0,15,2,0,0,0,0,12,54,1
E:.研究.wf2_move.tree_js,4,0,7,0,8,41,6,0,9,11,8,7,1,8,41,11,0,13,11,14,13,11,18,0,25,0,0,13,0,8,0,11,13,3,8,0,0,30,15,11,13,13,11,15,14
E:.研究.wf2_move.treeCheck_js,0,0,1,0,6,5,1,0,6,6,6,5,0,6,25,7,0,9,7,9,9,7,10,0,17,0,0,10,0,6,0,7,9,0,6,0,0,9,17,7,9,9,5,9,9
E:.研究.wf2_move.treeCheck2_js,0,0,3,0,5,12,0,0,7,5,5,5,2,5,27,8,0,9,8,9,9,8,12,0,17,0,0,8,0,5,0,8,9,3,5,0,0,11,12,19,9,9,6,9,9
E:.研究.wf2_move.treeCombo_js,0,0,5,0,4,7,1,0,6,4,4,5,2,4,22,5,0,7,5,7,7,5,8,0,11,0,0,4,0,4,0,5,7,4,4,0,0,8,7,5,21,9,11,9,7
E:.研究.wf2_move.treeWindow_js,7,0,10,0,7,7,0,0,8,7,7,7,1,7,34,10,0,12,10,12,12,10,15,0,22,0,0,10,0,7,0,10,12,3,7,0,0,13,12,10,14,32,14,14,12
E:.研究.wf2_move.userContext_js,0,0,11,0,0,8,0,0,0,0,0,0,0,0,0,0,0,0,0,0,0,0,0,0,0,0,0,0,0,0,0,0,0,6,0,0,0,7,0,0,0,0,19,0,0
E:.研究.wf2_move.winGroup_js,32,0,8,0,8,20,1,2,9,9,8,11,1,9,42,13,0,14,12,16,15,13,19,0,27,0,0,12,0,8,0,12,15,30,9,0,0,15,14,13,14,15,3,89,16
E:.研究.wf2_move.workflow_js,45,0,25,0,9,35,0,0,9,10,9,6,0,9,29,10,0,13,9,37,10,10,13,0,20,0,0,9,0,9,0,8,12,11,9,0,0,19,12,10,12,12,27,16,86
