,E:.研究.wf2_move.common_js,E:.研究.wf2_move.htmlReport_js,E:.研究.wf2_move.page_button_js,E:.研究.wf2_move.drilltable_js,E:.研究.wf2_move.grid_js,E:.研究.wf2_move.drillChart_js,E:.研究.wf2_move.form_js,E:.研究.wf2_move.driveform_js,E:.研究.wf2_move.edittable_js,E:.研究.wf2_move.obj3d_js,E:.研究.wf2_move.geditor_js,E:.研究.wf2_move.graph_js,E:.研究.wf2_move.tree_js,E:.研究.wf2_move.workflow_js,E:.研究.wf2_move.gridTurbo_js,E:.研究.wf2_move.gis_js,E:.研究.wf2_move.page_btn_js,E:.研究.wf2_move.treeWindow_js,E:.研究.wf2_move.flashChart_js,E:.研究.wf2_move.grid_fn_js,E:.研究.wf2_move.page_js,E:.研究.wf2_move.form_input_js,E:.研究.wf2_move.changepass_js,E:.研究.wf2_move.system_init_js,E:.研究.wf2_move.customWin_js,E:.研究.wf2_move.interface_js,E:.研究.wf2_move.messageBox_js,E:.研究.wf2_move.treeCheck2_js,E:.研究.wf2_move.winGroup_js,E:.研究.wf2_move.ledWarning_js,E:.研究.wf2_move.printHtml_js,E:.研究.wf2_move.msgContent_js,E:.研究.wf2_move.treeCombo_js,E:.研究.wf2_move.page_act_js,E:.研究.wf2_move.obj3d_idfuncs_js,E:.研究.wf2_move.page_winsize_js,E:.研究.wf2_move.dialogDrillGrid_js,E:.研究.wf2_move.grid_colfuncs_js,E:.研究.wf2_move.winGroup_createsubfuncs_js,E:.研究.wf2_move.leftmenu_js,E:.研究.wf2_move.treeCombo_fn_js,E:.研究.wf2_move.external_js,E:.研究.wf2_move.ledWarning_showerror_js,E:.研究.wf2_move.login_js,E:.研究.wf2_move.grid_idfunc_js,E:.研究.wf2_move.graph_idfuncs_js,E:.研究.wf2_move.menu_js,E:.研究.wf2_move.genAccordionMenu_js,E:.研究.wf2_move.msgContent_content_js,E:.研究.wf2_move.richEdit_js,E:.研究.wf2_move.winGroup_sizefuncs_js,E:.研究.wf2_move.page_idfunc_js,E:.研究.wf2_move.d3_js,E:.研究.wf2_move.d3_layout_cloud_js,E:.研究.wf2_move.msgContent_doherf_js,E:.研究.wf2_move.userContext_js,E:.研究.wf2_move.msgContent_idfuncs_js,E:.研究.wf2_move.ledWarning_idfuncs_js,E:.研究.wf2_move.tree_idfunc_js,E:.研究.wf2_move.gis_idfunc_js,E:.研究.wf2_move.htmlReport_idfuncs_js,E:.研究.wf2_move.workflow_idfuncs_js,E:.研究.wf2_move.messageBox_idfunc_js,E:.研究.wf2_move.winGroup_idfuncs_js,E:.研究.wf2_move.treeWindow_fn_js,E:.研究.wf2_move.common_msgbox_js,E:.研究.wf2_move.moreContent_js,E:.研究.wf2_move.all_js,E:.研究.wf2_move.grid_jgridex_js,E:.研究.wf2_move.condTester_js,E:.研究.wf2_move.menuV_js
E:.研究.wf2_move.common_js,91,15,0,0,0,6,2,0,0,0,0,6,1,6,0,0,0,0,0,0,0,2,0,9,0,0,0,0,0,0,0,0,0,6,0,0,0,0,8,0,0,6,0,0,0,0,1,0,0,0,8,7,50,1,5,2,0,0,0,0,0,0,0,0,0,9,0,1,0,0,0
E:.研究.wf2_move.htmlReport_js,25,68,0,21,17,18,58,13,17,20,14,30,15,30,14,18,0,20,15,0,0,28,0,0,13,0,13,14,20,20,15,9,18,9,0,0,2,0,0,0,0,5,0,0,0,0,12,0,18,0,0,4,113,11,0,8,0,0,0,0,2,0,0,0,0,5,0,0,0,0,0
E:.研究.wf2_move.page_button_js,1,0,9,0,0,0,2,0,0,0,0,0,1,0,0,0,0,0,0,0,0,2,0,0,0,0,0,0,0,0,0,0,0,1,0,0,0,0,8,0,0,0,0,0,0,0,3,0,1,0,8,6,3,1,0,1,0,0,0,0,0,0,0,0,0,0,0,0,0,0,0
E:.研究.wf2_move.drilltable_js,57,21,0,279,11,24,47,10,5,11,7,32,11,32,7,10,0,11,14,2,1,30,0,0,10,0,10,7,11,11,11,6,10,16,0,0,1,0,1,0,0,9,12,0,0,0,42,0,19,0,1,2,579,12,6,12,0,0,0,0,0,0,0,0,0,9,0,241,0,0,0
E:.研究.wf2_move.grid_js,45,11,17,7,132,26,43,7,27,10,11,15,20,15,11,10,0,10,7,27,6,21,0,0,10,0,7,8,13,10,7,10,10,21,0,2,4,0,121,0,0,19,8,0,40,0,26,0,16,0,121,12,191,8,14,61,2,0,0,0,0,0,0,2,0,19,0,57,0,0,0
E:.研究.wf2_move.drillChart_js,5,11,0,15,12,68,25,9,8,12,11,16,10,16,11,9,0,12,12,0,0,9,0,0,9,0,9,11,12,12,12,9,9,5,0,0,0,0,2,0,0,4,8,0,0,0,13,0,9,0,2,1,106,0,0,3,0,0,0,0,0,0,0,0,0,4,0,49,0,0,0
E:.研究.wf2_move.form_js,74,19,4,13,17,11,287,12,14,17,17,38,20,38,15,15,1,19,13,29,39,33,0,0,13,0,12,18,19,17,14,13,17,3,0,0,29,0,40,0,0,0,8,0,0,0,24,0,25,3,40,10,389,10,5,40,0,0,0,0,0,0,0,0,0,1,0,40,0,1,0
E:.研究.wf2_move.driveform_js,12,5,0,8,8,8,19,17,4,8,5,8,8,8,5,8,0,8,8,0,1,6,0,0,8,0,9,5,8,8,9,5,8,0,0,0,0,0,1,0,0,0,8,0,0,0,9,0,5,0,1,4,13,1,0,6,0,0,0,0,0,0,0,0,0,0,0,11,0,0,0
E:.研究.wf2_move.edittable_js,31,13,6,10,13,11,44,10,121,13,10,14,23,14,10,13,0,13,10,0,0,19,0,0,10,0,10,10,13,13,10,9,13,3,5,0,4,0,1,0,0,1,12,0,19,0,18,0,19,0,1,3,186,0,4,31,4,0,0,0,0,0,0,4,0,1,0,109,0,0,0
E:.研究.wf2_move.obj3d_js,2,17,0,9,14,9,36,9,10,18,12,14,19,14,12,14,0,14,9,0,2,6,0,0,9,0,9,12,14,14,9,12,14,0,2,0,0,0,2,0,0,0,12,0,0,0,13,0,6,0,2,1,1,0,0,8,0,0,0,0,0,0,0,0,0,0,0,12,0,0,0
E:.研究.wf2_move.geditor_js,2,8,0,6,9,7,18,5,6,8,8,8,6,8,8,7,0,8,6,0,0,4,0,0,7,0,5,6,10,8,6,6,7,3,0,0,0,0,8,0,0,2,4,0,1,0,4,0,4,0,8,1,1,0,0,1,0,0,0,0,0,0,0,0,0,2,0,3,0,0,0
E:.研究.wf2_move.graph_js,8,13,0,10,10,9,29,9,6,12,10,92,13,41,10,12,0,12,9,0,0,7,0,0,9,0,9,10,12,12,9,8,12,3,0,0,0,0,2,0,0,0,8,0,0,9,9,0,6,0,2,2,39,1,0,14,0,0,0,1,0,0,0,0,0,0,0,21,0,0,0
E:.研究.wf2_move.tree_js,4,18,0,11,13,9,69,8,7,13,11,14,30,14,11,13,0,13,8,0,1,40,0,0,8,0,8,11,13,13,8,11,13,1,0,0,0,0,1,0,0,1,12,0,0,0,13,0,7,0,1,1,41,6,0,11,0,0,10,0,0,0,0,0,0,1,0,4,0,0,0
E:.研究.wf2_move.workflow_js,25,13,0,10,10,9,29,9,6,12,10,28,19,86,10,12,0,12,9,0,0,7,0,0,9,0,9,10,12,12,9,8,12,3,0,0,0,0,2,0,0,0,8,0,0,9,9,0,7,0,2,8,35,0,0,27,0,0,0,1,0,0,0,0,0,0,0,45,0,0,0
E:.研究.wf2_move.gridTurbo_js,2,8,0,6,9,5,18,5,5,8,8,8,6,8,8,7,0,8,6,0,0,4,0,0,7,0,5,6,10,8,6,6,7,1,0,0,0,0,6,0,0,0,4,0,0,0,4,0,4,0,6,1,0,0,0,2,0,0,0,0,0,0,0,0,0,0,0,3,0,0,0
E:.研究.wf2_move.gis_js,6,13,0,9,10,8,32,7,6,10,8,10,14,10,8,55,0,10,7,0,3,11,0,1,7,0,7,8,10,11,7,8,10,4,0,0,1,0,1,0,0,1,8,0,0,0,11,0,6,3,1,1,49,0,0,21,0,0,0,3,0,0,0,0,0,2,0,37,0,0,0
E:.研究.wf2_move.page_btn_js,8,0,0,0,1,6,5,0,1,0,1,0,1,0,0,0,5,1,0,0,0,0,0,0,1,0,0,1,1,0,0,1,1,6,0,0,0,0,5,0,0,6,0,0,0,0,1,0,0,0,5,4,4,0,0,3,0,0,0,0,0,0,0,0,0,6,0,1,0,0,0
E:.研究.wf2_move.treeWindow_js,6,15,0,7,12,8,34,7,7,12,10,12,13,12,10,12,0,24,7,0,1,7,0,0,7,0,7,10,12,12,7,10,12,1,0,0,0,0,1,0,2,1,10,0,0,0,10,0,7,0,1,1,7,0,0,12,0,0,0,0,0,0,0,0,13,1,0,6,0,0,0
E:.研究.wf2_move.flashChart_js,7,5,0,11,8,10,19,8,3,8,5,17,9,17,5,8,0,8,18,0,0,6,0,0,8,0,8,5,8,8,8,5,8,2,0,0,0,0,1,0,0,2,10,0,0,0,10,0,6,0,1,3,15,0,0,5,0,0,0,0,0,0,0,0,0,2,0,12,0,0,0
E:.研究.wf2_move.grid_fn_js,15,3,4,0,3,3,14,0,17,0,0,0,4,0,0,0,6,3,0,54,1,10,0,0,0,0,0,0,0,3,0,0,0,4,0,0,7,0,44,0,0,3,0,0,21,0,3,0,4,0,44,2,113,6,1,15,1,0,0,0,0,0,0,1,0,3,3,24,0,0,0
E:.研究.wf2_move.page_js,25,4,3,4,1,10,20,4,1,4,4,9,7,9,4,4,0,4,4,0,50,16,0,0,4,0,4,4,6,4,4,1,4,11,0,9,0,0,194,0,0,6,0,0,0,0,11,0,16,0,194,63,67,0,5,22,0,0,0,0,0,0,0,0,0,7,0,3,0,0,0
E:.研究.wf2_move.form_input_js,20,1,4,1,0,1,32,1,1,1,1,2,1,2,1,1,0,1,1,19,21,54,0,0,1,0,1,1,1,1,1,0,1,2,0,0,19,0,25,0,0,0,0,0,0,0,7,0,0,1,25,3,65,0,0,2,0,0,0,0,0,0,0,0,0,1,0,4,0,0,0
E:.研究.wf2_move.changepass_js,0,0,0,0,0,0,0,0,0,0,0,0,1,0,0,0,0,0,0,0,0,0,3,0,0,0,0,0,0,0,0,0,0,0,0,0,0,0,0,0,0,0,0,0,0,0,0,0,0,0,0,0,6,0,3,1,0,0,0,0,0,0,0,0,0,0,0,0,0,0,0
E:.研究.wf2_move.system_init_js,12,0,0,0,0,3,10,0,0,0,0,1,2,1,0,0,0,0,0,0,2,10,0,15,1,0,1,0,0,0,0,0,0,6,0,1,0,0,27,0,0,3,0,0,0,0,2,3,3,0,27,0,23,2,2,12,0,0,0,0,0,0,0,0,0,4,0,0,0,0,0
E:.研究.wf2_move.customWin_js,5,18,0,8,14,12,39,8,8,14,12,14,15,14,12,14,1,14,8,0,0,6,0,0,14,0,11,12,14,14,8,12,14,4,0,0,0,0,0,0,0,4,12,0,0,0,12,0,5,0,0,2,13,0,4,2,0,0,0,0,0,0,0,0,0,5,0,2,0,1,0
E:.研究.wf2_move.interface_js,6,2,0,2,0,0,5,0,0,0,0,4,4,4,0,0,0,0,0,0,1,4,0,1,1,14,1,0,0,1,0,0,0,0,0,0,1,0,5,0,0,0,0,0,0,0,0,0,0,0,5,5,53,9,1,8,0,0,0,0,0,0,0,0,0,1,0,1,0,0,0
E:.研究.wf2_move.messageBox_js,5,6,0,9,9,10,28,11,3,9,6,11,10,11,6,9,3,9,9,0,0,10,0,0,11,0,24,6,9,9,13,6,9,1,0,0,0,0,6,0,0,1,12,0,0,0,12,0,9,0,6,5,13,0,2,4,0,0,0,0,0,0,1,0,0,1,0,1,0,1,0
E:.研究.wf2_move.treeCheck2_js,1,12,0,5,9,7,27,5,5,9,8,9,11,9,8,9,0,9,5,0,0,4,0,0,5,0,5,19,9,9,5,8,9,2,0,0,0,0,0,0,0,2,8,0,0,0,8,0,4,0,0,1,12,0,0,6,0,0,0,0,0,0,0,0,0,2,0,0,0,0,0
E:.研究.wf2_move.winGroup_js,3,19,0,9,15,9,40,8,9,15,13,16,14,16,13,14,0,15,9,0,0,7,0,0,8,0,8,13,16,15,9,12,14,1,0,1,0,0,4,0,0,1,12,0,0,0,12,0,7,0,4,4,0,1,0,0,0,0,0,0,0,0,0,6,0,1,0,21,0,0,0
E:.研究.wf2_move.ledWarning_js,3,14,0,7,11,9,26,7,5,11,10,13,11,13,10,11,0,11,7,0,0,1,0,0,7,0,7,10,11,22,7,10,11,3,0,0,3,0,0,0,0,2,12,0,0,0,14,0,1,0,0,1,29,0,0,0,0,4,0,0,0,0,0,0,0,2,0,0,0,0,0
E:.研究.wf2_move.printHtml_js,9,6,0,9,9,9,23,10,3,9,6,10,11,10,6,9,0,9,9,0,0,7,0,0,9,0,11,6,9,9,27,6,9,0,0,0,0,0,0,0,0,0,12,0,0,0,12,0,7,0,0,1,22,0,3,3,0,0,0,0,0,0,0,0,0,0,0,5,0,0,0
E:.研究.wf2_move.msgContent_js,5,12,0,6,10,9,28,6,8,10,8,14,10,14,8,10,0,10,6,0,0,6,0,0,6,0,6,8,10,10,6,19,10,2,0,0,2,0,0,0,0,2,8,0,2,0,9,0,5,0,0,2,9,2,0,0,18,0,0,0,0,0,0,2,0,2,0,37,0,0,0
E:.研究.wf2_move.treeCombo_js,1,8,0,4,7,5,22,4,5,7,5,7,8,7,5,7,0,7,4,0,1,7,0,0,4,0,4,5,7,7,4,5,9,1,0,0,0,0,1,0,6,1,4,0,0,0,4,0,6,0,1,1,3,1,0,8,0,0,0,0,0,0,0,0,1,1,0,0,0,0,0
E:.研究.wf2_move.page_act_js,2,2,0,2,0,5,11,2,0,2,2,2,0,2,2,2,0,2,2,0,2,9,0,0,2,0,2,2,2,2,2,0,2,5,0,0,0,0,18,0,0,3,0,0,0,0,0,0,3,0,18,6,13,0,1,5,0,0,0,0,0,0,0,0,0,3,0,0,0,0,0
E:.研究.wf2_move.obj3d_idfuncs_js,2,0,0,0,0,0,0,0,0,0,0,0,0,0,0,0,0,0,0,0,0,0,0,0,0,0,0,0,0,0,0,0,0,0,0,0,0,0,0,0,0,0,0,0,0,0,0,0,0,0,0,0,0,0,0,0,0,0,0,0,0,0,0,0,0,0,0,1,0,0,0
E:.研究.wf2_move.page_winsize_js,8,4,0,4,4,0,5,0,4,4,4,7,0,7,4,0,0,4,4,0,1,1,0,0,0,0,0,4,4,4,4,0,0,0,0,20,0,0,32,0,0,0,0,0,0,0,0,0,1,0,32,19,11,3,0,0,0,0,0,0,0,0,0,0,0,0,0,0,0,0,0
E:.研究.wf2_move.dialogDrillGrid_js,12,1,0,0,1,0,2,0,2,0,0,1,2,1,0,0,0,1,0,1,0,1,0,0,0,0,0,0,0,2,0,0,0,0,0,0,25,0,0,0,0,0,0,0,2,0,1,0,0,0,0,0,31,1,0,5,2,2,0,0,0,0,0,2,0,0,1,0,0,0,0
E:.研究.wf2_move.grid_colfuncs_js,1,0,0,0,0,0,3,0,5,0,0,0,0,0,0,0,0,0,0,10,0,2,0,0,0,0,0,0,0,0,0,0,0,0,0,0,1,8,10,0,0,0,0,0,5,0,2,0,0,0,10,0,21,2,0,0,0,0,0,0,0,0,0,0,0,0,0,5,0,0,0
E:.研究.wf2_move.winGroup_createsubfuncs_js,1,0,0,0,0,0,0,0,2,0,0,0,1,0,0,0,0,0,0,0,1,0,0,0,0,0,0,0,0,0,0,0,0,0,0,0,2,0,8,0,0,0,0,0,2,0,0,0,0,0,7,5,14,0,0,3,2,0,0,0,0,0,0,3,0,0,0,5,0,0,0
E:.研究.wf2_move.leftmenu_js,0,0,0,0,0,3,0,0,0,0,0,3,0,3,0,0,0,0,0,0,0,0,0,0,0,0,0,0,0,0,0,0,0,5,0,0,0,0,0,23,0,3,0,0,0,0,3,0,0,0,0,0,7,3,0,0,0,0,0,0,0,0,0,0,0,3,0,0,0,0,0
E:.研究.wf2_move.treeCombo_fn_js,2,0,0,0,0,1,0,0,0,0,0,0,0,0,0,0,0,0,0,0,0,0,0,0,0,0,0,0,0,0,0,0,0,1,0,0,0,0,0,0,6,1,0,0,0,0,0,0,0,0,0,0,4,0,0,3,0,0,0,0,0,0,0,0,1,1,0,0,0,0,0
E:.研究.wf2_move.external_js,0,0,0,0,0,1,0,0,0,0,0,0,1,0,0,0,0,0,0,0,1,0,0,0,0,0,0,0,0,0,0,0,0,1,0,0,0,0,3,0,0,5,0,0,0,0,0,0,0,0,3,0,11,0,0,1,0,0,0,0,0,0,0,0,0,3,0,0,0,0,0
E:.研究.wf2_move.ledWarning_showerror_js,0,0,0,0,0,2,11,0,0,0,0,0,0,0,0,0,0,0,0,0,0,11,0,0,0,0,0,0,0,4,0,0,0,2,0,0,0,0,0,0,0,2,9,0,0,0,4,0,0,0,0,0,61,11,0,0,0,4,0,0,0,0,0,0,0,2,0,0,0,0,0
E:.研究.wf2_move.login_js,0,0,0,0,0,7,0,0,0,0,0,0,0,0,0,0,0,0,0,0,0,0,0,0,0,0,0,0,0,0,0,0,0,14,0,0,0,0,0,0,0,7,0,17,0,0,4,0,0,0,0,0,8,0,3,0,0,0,0,0,0,0,0,0,0,7,0,0,0,0,0
E:.研究.wf2_move.grid_idfunc_js,5,0,0,0,0,0,0,0,1,0,0,0,0,0,0,0,0,0,0,0,0,0,0,0,0,0,0,0,0,0,0,0,0,0,0,0,0,0,1,0,0,0,0,0,2,0,0,0,0,0,1,0,0,0,0,0,0,0,0,0,0,0,0,0,0,0,0,1,0,0,0
E:.研究.wf2_move.graph_idfuncs_js,8,0,0,0,0,0,0,0,0,0,0,0,0,0,0,0,0,0,0,0,0,0,0,0,0,0,0,0,0,0,0,0,0,0,0,0,0,0,0,0,0,0,0,0,0,0,0,0,0,0,0,0,0,0,0,0,0,0,0,0,0,0,0,0,0,0,0,1,0,0,0
E:.研究.wf2_move.menu_js,0,0,0,0,0,0,0,0,0,0,0,0,0,0,0,0,0,0,0,0,0,0,0,0,0,0,0,0,0,0,0,0,0,0,0,0,0,0,0,0,0,0,0,0,0,0,39,0,0,0,0,0,8,2,0,0,0,0,0,0,0,0,0,0,0,0,0,0,0,0,0
E:.研究.wf2_move.genAccordionMenu_js,0,0,0,0,0,0,0,0,0,0,0,4,0,4,0,0,0,0,0,0,0,0,0,0,0,0,0,0,0,0,0,0,0,0,0,0,0,0,0,0,0,0,0,0,0,0,4,8,0,0,0,0,15,6,0,0,0,0,0,0,0,0,0,0,0,0,0,0,0,0,0
E:.研究.wf2_move.msgContent_content_js,0,0,0,0,0,0,2,0,0,0,0,0,0,0,0,0,0,0,0,0,0,2,0,0,0,0,0,0,0,0,0,3,0,0,0,0,0,0,0,0,0,0,0,0,0,0,3,0,10,0,0,0,6,1,0,3,13,0,0,0,0,0,0,0,0,0,0,20,0,0,0
E:.研究.wf2_move.richEdit_js,0,5,0,0,0,0,0,0,0,0,0,1,0,1,0,0,0,0,0,0,0,0,0,3,0,0,0,0,0,0,0,0,0,0,0,0,0,0,0,0,0,0,0,0,0,0,1,0,0,1,0,0,17,0,1,3,0,0,0,0,0,0,0,0,0,1,0,0,0,0,0
E:.研究.wf2_move.winGroup_sizefuncs_js,0,0,0,0,0,0,2,0,0,0,0,0,0,0,0,0,0,0,0,0,0,2,0,0,0,0,0,0,0,0,0,0,0,0,0,9,0,0,18,0,0,0,0,0,0,0,0,0,2,0,19,9,6,0,0,0,0,0,0,0,0,0,0,4,0,0,0,8,0,0,0
E:.研究.wf2_move.page_idfunc_js,3,0,0,0,0,0,8,0,0,0,0,0,0,0,0,0,0,0,0,0,0,8,0,0,0,0,0,0,0,0,0,0,0,0,0,0,0,0,39,0,0,0,0,0,0,0,0,0,8,0,39,9,3,0,0,0,0,0,0,0,0,0,0,0,0,0,0,0,0,0,0
E:.研究.wf2_move.d3_js,21,0,0,0,0,0,7,0,0,0,0,1,0,1,0,0,0,0,0,0,2,7,0,0,0,0,0,0,0,0,0,0,0,0,0,0,0,0,0,0,0,0,0,0,0,0,2,0,0,0,0,0,999,2,0,0,0,0,0,0,0,0,0,0,0,3,0,27,0,0,0
E:.研究.wf2_move.d3_layout_cloud_js,0,0,0,0,0,0,5,0,0,0,0,5,0,5,0,0,0,0,0,0,0,5,0,0,0,0,0,0,0,0,0,0,0,0,0,0,0,0,0,0,0,0,0,0,0,0,0,0,0,0,0,0,75,46,0,0,0,0,0,0,0,0,0,0,0,0,0,0,0,0,0
E:.研究.wf2_move.msgContent_doherf_js,1,0,0,0,0,0,0,0,0,0,0,0,0,0,0,0,0,0,0,0,2,0,0,0,0,0,0,0,0,0,0,0,0,0,0,0,0,0,2,0,0,0,0,0,0,0,0,0,0,0,2,1,2,0,0,0,0,0,0,0,0,0,0,0,0,0,0,1,0,0,0
E:.研究.wf2_move.userContext_js,11,0,0,0,0,0,0,0,0,0,0,0,7,0,0,0,0,0,0,0,0,0,0,0,0,0,0,0,0,0,0,0,0,0,0,0,0,0,0,0,0,0,0,0,0,0,0,0,0,0,0,6,8,0,0,19,0,0,0,0,0,0,0,0,0,0,0,0,0,0,0
E:.研究.wf2_move.msgContent_idfuncs_js,6,0,0,0,0,0,0,0,0,0,0,0,0,0,0,0,0,0,0,0,0,0,0,0,0,0,0,0,0,0,0,0,0,0,0,0,0,0,0,0,0,0,0,0,0,0,0,0,0,0,0,0,0,0,0,0,0,0,0,0,0,0,0,0,0,0,0,1,0,0,0
E:.研究.wf2_move.ledWarning_idfuncs_js,3,0,0,0,0,0,0,0,0,0,0,0,0,0,0,0,0,0,0,0,0,0,0,0,0,0,0,0,0,0,0,0,0,0,0,0,0,0,0,0,0,0,0,0,0,0,0,0,0,0,0,0,0,0,0,0,0,0,0,0,0,0,0,0,0,0,0,0,0,0,0
E:.研究.wf2_move.tree_idfunc_js,2,0,0,0,0,0,0,0,0,0,0,0,0,0,0,0,0,0,0,0,0,0,0,0,0,0,0,0,0,0,0,0,0,0,0,0,0,0,0,0,0,0,0,0,0,0,0,0,0,0,0,0,0,0,0,0,0,0,0,0,0,0,0,0,0,0,0,1,0,0,0
E:.研究.wf2_move.gis_idfunc_js,4,0,0,0,0,0,0,0,0,0,0,0,0,0,0,0,0,0,0,0,0,0,0,0,0,0,0,0,0,0,0,0,0,0,0,0,0,0,0,0,0,0,0,0,0,0,0,0,0,0,0,0,0,0,0,0,0,0,0,0,0,0,0,0,0,0,0,1,0,0,0
E:.研究.wf2_move.htmlReport_idfuncs_js,1,0,0,0,0,0,0,0,0,0,0,0,0,0,0,0,0,0,0,0,0,0,0,0,0,0,0,0,0,0,0,0,0,0,0,0,0,0,0,0,0,0,0,0,0,0,0,0,0,0,0,0,0,0,0,0,0,0,0,0,0,0,0,0,0,0,0,0,0,0,0
E:.研究.wf2_move.workflow_idfuncs_js,4,0,0,0,0,0,0,0,0,0,0,0,0,0,0,0,0,0,0,0,0,0,0,0,0,0,0,0,0,0,0,0,0,0,0,0,0,0,0,0,0,0,0,0,0,0,0,0,0,0,0,0,0,0,0,0,0,0,0,0,0,0,0,0,0,0,0,1,0,0,0
E:.研究.wf2_move.messageBox_idfunc_js,1,0,0,0,0,0,0,0,0,0,0,0,0,0,0,0,0,0,0,0,0,0,0,0,0,0,0,0,0,0,0,0,0,0,0,0,0,0,0,0,0,0,0,0,0,0,0,0,0,0,0,0,0,0,0,0,0,0,0,0,0,0,0,0,0,0,0,0,0,0,0
E:.研究.wf2_move.winGroup_idfuncs_js,3,0,0,0,0,0,0,0,0,0,0,0,0,0,0,0,0,0,0,0,0,0,0,0,0,0,0,0,0,0,0,0,0,0,0,0,0,0,0,0,0,0,0,0,0,0,0,0,0,0,0,0,0,0,0,0,0,0,0,0,0,0,0,0,0,0,0,1,0,0,0
E:.研究.wf2_move.treeWindow_fn_js,3,0,0,0,0,0,0,0,0,0,0,0,0,0,0,0,0,0,0,0,0,0,0,0,0,0,0,0,0,0,0,0,0,0,0,0,0,0,0,0,0,0,0,0,0,0,0,0,0,0,0,0,0,0,0,2,0,0,0,0,0,0,0,0,2,0,0,2,0,0,0
E:.研究.wf2_move.common_msgbox_js,0,0,0,0,0,0,0,0,0,0,0,0,0,0,0,0,0,0,0,0,0,0,0,0,0,0,0,0,0,0,0,0,0,0,0,0,0,0,0,0,0,0,0,0,0,0,0,0,0,0,0,0,2,0,1,0,0,0,0,0,0,0,0,0,0,1,0,0,0,0,0
E:.研究.wf2_move.moreContent_js,0,0,0,0,0,0,0,0,0,0,0,0,0,0,0,0,0,0,0,0,0,0,0,0,0,0,0,0,0,0,0,0,0,0,0,0,0,0,0,0,0,0,0,0,0,0,0,0,0,0,0,0,1,0,0,0,0,0,0,0,0,0,0,0,0,1,6,0,0,0,0
E:.研究.wf2_move.all_js,1,0,0,0,0,0,0,0,0,0,0,0,0,0,0,0,0,0,0,0,2,0,0,0,0,0,0,0,0,0,0,0,0,0,0,0,0,0,0,0,0,0,0,0,0,0,0,0,0,0,0,0,2,0,0,0,0,0,0,0,0,0,0,0,0,0,0,112,0,0,0
E:.研究.wf2_move.grid_jgridex_js,0,0,0,0,0,0,0,0,0,0,0,0,0,0,0,0,0,0,0,0,0,0,0,0,0,0,0,0,0,0,0,0,0,0,0,0,0,0,3,0,0,0,0,0,0,0,0,0,0,0,3,0,0,0,0,0,0,0,0,0,0,0,0,0,0,0,0,3,0,0,0
E:.研究.wf2_move.condTester_js,0,0,0,0,0,0,0,0,0,0,0,0,0,0,0,0,0,0,0,0,0,0,0,0,0,0,0,0,0,0,0,0,0,0,0,0,0,0,0,0,0,0,0,0,0,0,0,0,0,0,0,0,0,0,0,0,0,0,0,0,0,0,0,0,0,0,0,0,0,0,0
E:.研究.wf2_move.menuV_js,0,0,0,0,0,0,0,0,0,0,0,0,0,0,0,0,0,0,0,0,0,0,0,0,0,0,0,0,0,0,0,0,0,0,0,0,0,0,0,0,0,0,0,0,0,0,0,0,0,0,0,0,8,0,0,0,0,0,0,0,0,0,0,0,0,0,0,0,0,0,4
